Bard_ref,5,H, 1.000E+00,scale, 1.000E-08, 1.000E-01, 1.000E-01,1,1,0,0,165, 2.76606E-01, 5.904603962E-02,168,4
Bard_ref,5,H, 1.000E+00,scale, 1.000E-08, 1.000E-01, 1.000E-01,1,2,0,0,8, 6.05200E-03, 1.452497885E-02,10,4
Bard_ref,5,H, 1.000E+00,scale, 1.000E-08, 1.000E-01, 1.000E-01,1,3,0,0,8, 9.97600E-03, 1.163740473E-02,10,4
Bard_ref,5,H, 1.000E+00,scale, 1.000E-08, 1.000E-01, 1.000E-01,1,4,0,0,6, 2.41800E-03, 1.856113805E-02,8,4
Bard_ref,5,H, 1.000E+00,scale, 1.000E-08, 1.000E-01, 1.000E-01,1,5,0,0,14, 3.86940E-02, 9.465136348E-03,17,4
Bard_ref,5,H, 1.000E+00,scale, 1.000E-08, 1.000E-01, 1.000E-01,1,6,0,0,6, 2.10400E-03, 1.347882398E-02,8,4
Bard_ref,5,H, 1.000E+00,scale, 1.000E-08, 1.000E-01, 1.000E-01,1,7,0,0,11, 3.50000E-03, 4.565388525E-02,14,4
Bard_ref,5,H, 1.000E+00,scale, 1.000E-08, 1.000E-01, 1.000E-01,1,8,0,0,7, 6.64200E-03, 6.663521084E-03,9,4
Bard_ref,5,H, 1.000E+00,scale, 1.000E-08, 1.000E-01, 1.000E-01,1,9,0,0,3, 6.33600E-03, 1.217190599E-02,5,4
Bard_ref,5,H, 1.000E+00,scale, 1.000E-08, 1.000E-01, 1.000E-01,1,10,0,0,6, 2.08700E-03, 6.835358913E-03,11,4
Bard_ref,5,H, 1.000E+00,scale, 1.000E-08, 1.000E-01, 1.000E-01,1,11,0,0,8, 3.39800E-03, 2.095779753E-03,9,4
Bard_ref,5,H, 1.000E+00,scale, 1.000E-08, 1.000E-01, 1.000E-01,1,12,0,0,14, 1.76370E-02, 1.077772062E-02,16,4
Bard_ref,5,H, 1.000E+00,scale, 1.000E-08, 1.000E-01, 1.000E-01,1,13,0,0,6, 2.19900E-03, 2.617080154E-02,8,4
Bard_ref,5,H, 1.000E+00,scale, 1.000E-08, 1.000E-01, 1.000E-01,1,14,0,0,3, 2.85400E-03, 7.106551039E-03,14,4
Bard_ref,5,H, 1.000E+00,scale, 1.000E-08, 1.000E-01, 1.000E-01,1,15,0,0,14, 1.75010E-02, 8.935102192E-03,16,4
Bard_ref,5,H, 1.000E+00,scale, 1.000E-08, 1.000E-01, 1.000E-01,1,16,0,0,144, 3.29586E-01, 2.864881225E-02,147,4
Bard_ref,5,H, 1.000E+00,scale, 1.000E-08, 1.000E-01, 1.000E-01,1,17,0,0,3, 1.12200E-03, 1.194979497E-02,5,4
Bard_ref,5,H, 1.000E+00,scale, 1.000E-08, 1.000E-01, 1.000E-01,1,18,0,0,16, 1.52740E-02, 2.758805569E-02,19,4
Bard_ref,5,H, 1.000E+00,scale, 1.000E-08, 1.000E-01, 1.000E-01,1,19,0,0,2, 2.13400E-03, 6.600309369E-01,4,3
Bard_ref,5,H, 1.000E+00,scale, 1.000E-08, 1.000E-01, 1.000E-01,1,20,0,0,5, 1.59300E-03, 6.305826498E-03,8,4
Bard_ref,5,H, 1.000E+00,scale, 1.000E-08, 1.000E-01, 1.000E-01,1,21,0,0,3, 2.13600E-03, 7.285034861E-03,5,4
Bard_ref,5,H, 1.000E+00,scale, 1.000E-08, 1.000E-01, 1.000E-01,1,22,0,0,6, 2.53600E-03, 5.938650211E-03,7,4
Bard_ref,5,H, 1.000E+00,scale, 1.000E-08, 1.000E-01, 1.000E-01,1,23,0,0,7, 2.22100E-03, 2.016988343E-02,12,4
Bard_ref,5,H, 1.000E+00,scale, 1.000E-08, 1.000E-01, 1.000E-01,1,24,0,0,3, 3.32600E-03, 4.777503519E-03,5,4
Bard_ref,5,H, 1.000E+00,scale, 1.000E-08, 1.000E-01, 1.000E-01,1,25,0,0,6, 1.91200E-03, 6.927532481E-03,8,4
Bard_ref,5,H, 1.000E+00,scale, 1.000E-08, 1.000E-01, 1.000E-01,1,26,0,0,6, 1.91700E-03, 1.371120021E-02,8,4
Bard_ref,5,H, 1.000E+00,scale, 1.000E-08, 1.000E-01, 1.000E-01,1,27,0,0,5, 4.21200E-03, 8.507764544E-03,8,4
Bard_ref,5,H, 1.000E+00,scale, 1.000E-08, 1.000E-01, 1.000E-01,1,28,0,0,2, 1.22200E-03, 3.533163778E-01,4,3
Bard_ref,5,H, 1.000E+00,scale, 1.000E-08, 1.000E-01, 1.000E-01,1,29,0,0,4, 2.46800E-03, 6.330159632E-03,6,4
Bard_ref,5,H, 1.000E+00,scale, 1.000E-08, 1.000E-01, 1.000E-01,1,30,0,0,3, 3.87900E-03, 6.816061391E-03,12,4
Bard_ref,5,H, 1.000E+00,scale, 1.000E-08, 1.000E-01, 1.000E-01,1,31,0,0,3, 2.25500E-03, 3.471284157E-03,14,4
Bard_ref,5,H, 1.000E+00,scale, 1.000E-08, 1.000E-01, 1.000E-01,1,32,0,0,3, 1.00600E-03, 1.312439290E-02,5,4
Bard_ref,5,H, 1.000E+00,scale, 1.000E-08, 1.000E-01, 1.000E-01,1,33,0,0,5, 4.92900E-03, 5.498965527E-03,7,4
Bard_ref,5,H, 1.000E+00,scale, 1.000E-08, 1.000E-01, 1.000E-01,1,34,0,0,3, 1.45200E-03, 2.545389992E-03,5,4
Bard_ref,5,H, 1.000E+00,scale, 1.000E-08, 1.000E-01, 1.000E-01,1,35,0,0,8, 7.64900E-03, 9.599982809E-03,10,4
Bard_ref,5,H, 1.000E+00,scale, 1.000E-08, 1.000E-01, 1.000E-01,1,36,0,0,7, 7.78200E-03, 9.689776751E-03,9,4
Bard_ref,5,H, 1.000E+00,scale, 1.000E-08, 1.000E-01, 1.000E-01,1,37,0,0,6, 8.60700E-03, 2.307097286E-02,9,4
Bard_ref,5,H, 1.000E+00,scale, 1.000E-08, 1.000E-01, 1.000E-01,1,38,0,0,7, 5.31900E-03, 6.902623292E-03,9,4
Bard_ref,5,H, 1.000E+00,scale, 1.000E-08, 1.000E-01, 1.000E-01,1,39,0,0,11, 1.76790E-02, 5.262524755E-02,18,4
Bard_ref,5,H, 1.000E+00,scale, 1.000E-08, 1.000E-01, 1.000E-01,1,40,0,0,2, 3.42200E-03, 1.003488422E-02,5,4
Bard_ref,5,H, 1.000E+00,scale, 1.000E-08, 1.000E-01, 1.000E-01,1,41,0,0,10, 1.32950E-02, 6.824461129E-02,16,4
Bard_ref,5,H, 1.000E+00,scale, 1.000E-08, 1.000E-01, 1.000E-01,1,42,0,0,3, 2.72600E-03, 4.556207129E-02,5,4
Bard_ref,5,H, 1.000E+00,scale, 1.000E-08, 1.000E-01, 1.000E-01,1,43,0,0,12, 1.67650E-02, 7.361812759E-03,14,4
Bard_ref,5,H, 1.000E+00,scale, 1.000E-08, 1.000E-01, 1.000E-01,1,44,0,0,3, 1.95200E-03, 3.706226447E-02,5,4
Bard_ref,5,H, 1.000E+00,scale, 1.000E-08, 1.000E-01, 1.000E-01,1,45,0,0,6, 5.85100E-03, 1.813885979E-03,9,4
Bard_ref,5,H, 1.000E+00,scale, 1.000E-08, 1.000E-01, 1.000E-01,1,46,0,0,40, 7.18750E-02, 3.560882456E-02,43,4
Bard_ref,5,H, 1.000E+00,scale, 1.000E-08, 1.000E-01, 1.000E-01,1,47,0,0,6, 1.90600E-03, 1.111328152E-02,8,4
Bard_ref,5,H, 1.000E+00,scale, 1.000E-08, 1.000E-01, 1.000E-01,1,48,0,0,3, 2.69100E-03, 7.258526356E-03,5,4
Bard_ref,5,H, 1.000E+00,scale, 1.000E-08, 1.000E-01, 1.000E-01,1,49,0,0,11, 1.16960E-02, 1.300238389E-02,13,4
Bard_ref,5,H, 1.000E+00,scale, 1.000E-08, 1.000E-01, 1.000E-01,1,50,0,0,7, 4.24100E-03, 7.746660001E-03,10,4
Bard_ref,5,H, 1.000E+00,scale, 1.000E-08, 1.000E-01, 1.000E-01,1,51,0,0,3, 2.74100E-03, 6.710374053E-03,10,4
Bard_ref,5,H, 1.000E+00,scale, 1.000E-08, 1.000E-01, 1.000E-01,1,52,0,0,2, 1.82400E-03, 4.397156531E-03,5,4
Bard_ref,5,H, 1.000E+00,scale, 1.000E-08, 1.000E-01, 1.000E-01,1,53,0,0,6, 1.93600E-03, 7.088610930E-03,8,4
Bard_ref,5,H, 1.000E+00,scale, 1.000E-08, 1.000E-01, 1.000E-01,1,54,0,0,3, 2.29100E-03, 5.324001811E-03,10,4
Bard_ref,5,H, 1.000E+00,scale, 1.000E-08, 1.000E-01, 1.000E-01,1,55,0,0,12, 1.23510E-02, 1.557418388E-02,15,4
Bard_ref,5,H, 1.000E+00,scale, 1.000E-08, 1.000E-01, 1.000E-01,1,56,0,0,2, 2.14400E-03, 6.533054895E-01,4,4
Bard_ref,5,H, 1.000E+00,scale, 1.000E-08, 1.000E-01, 1.000E-01,1,57,0,0,3, 1.82400E-03, 4.090474782E-03,5,4
Bard_ref,5,H, 1.000E+00,scale, 1.000E-08, 1.000E-01, 1.000E-01,1,58,0,0,6, 1.73400E-03, 1.524258615E-02,8,4
Bard_ref,5,H, 1.000E+00,scale, 1.000E-08, 1.000E-01, 1.000E-01,1,59,0,0,20, 1.77820E-02, 9.425052736E-03,28,4
Bard_ref,5,H, 1.000E+00,scale, 1.000E-08, 1.000E-01, 1.000E-01,1,60,0,0,13, 1.08970E-02, 1.668793018E-02,15,4
Bard_ref,5,H, 1.000E+00,scale, 1.000E-08, 1.000E-01, 1.000E-01,1,61,0,0,54, 7.31130E-02, 2.472211888E-02,57,4
Bard_ref,5,H, 1.000E+00,scale, 1.000E-08, 1.000E-01, 1.000E-01,1,62,0,0,6, 3.13500E-03, 1.084778411E-02,8,4
Bard_ref,5,H, 1.000E+00,scale, 1.000E-08, 1.000E-01, 1.000E-01,1,63,0,0,4, 4.28600E-03, 6.866777562E-03,6,4
Bard_ref,5,H, 1.000E+00,scale, 1.000E-08, 1.000E-01, 1.000E-01,1,64,0,0,5, 4.50800E-03, 5.861326332E-02,8,4
Bard_ref,5,H, 1.000E+00,scale, 1.000E-08, 1.000E-01, 1.000E-01,1,65,0,0,8, 9.75500E-03, 9.369650986E-03,10,4
Bard_ref,5,H, 1.000E+00,scale, 1.000E-08, 1.000E-01, 1.000E-01,1,66,0,0,39, 5.81460E-02, 2.250995215E-03,42,4
Bard_ref,5,H, 1.000E+00,scale, 1.000E-08, 1.000E-01, 1.000E-01,1,67,0,0,2, 2.29900E-03, 5.378136747E-02,3,4
Bard_ref,5,H, 1.000E+00,scale, 1.000E-08, 1.000E-01, 1.000E-01,1,68,0,0,14, 1.75690E-02, 1.478916980E-02,17,4
Bard_ref,5,H, 1.000E+00,scale, 1.000E-08, 1.000E-01, 1.000E-01,1,69,0,0,4, 4.06100E-03, 6.616522391E-03,13,4
Bard_ref,5,H, 1.000E+00,scale, 1.000E-08, 1.000E-01, 1.000E-01,1,70,0,0,30, 5.62860E-02, 3.580565822E-02,33,4
Bard_ref,5,H, 1.000E+00,scale, 1.000E-08, 1.000E-01, 1.000E-01,1,71,0,0,7, 2.42500E-03, 1.778483391E-02,12,4
Bard_ref,5,H, 1.000E+00,scale, 1.000E-08, 1.000E-01, 1.000E-01,1,72,0,0,12, 1.35950E-02, 1.203039388E-02,14,4
Bard_ref,5,H, 1.000E+00,scale, 1.000E-08, 1.000E-01, 1.000E-01,1,73,0,0,7, 4.06200E-03, 2.283899099E-03,10,4
Bard_ref,5,H, 1.000E+00,scale, 1.000E-08, 1.000E-01, 1.000E-01,1,74,0,0,2, 1.20300E-03, 3.510392595E-01,3,3
Bard_ref,5,H, 1.000E+00,scale, 1.000E-08, 1.000E-01, 1.000E-01,1,75,0,0,6, 2.19300E-03, 2.333211967E-02,8,4
Bard_ref,5,H, 1.000E+00,scale, 1.000E-08, 1.000E-01, 1.000E-01,1,76,0,0,3, 1.70700E-03, 6.551918002E-03,5,4
Bard_ref,5,H, 1.000E+00,scale, 1.000E-08, 1.000E-01, 1.000E-01,1,77,0,0,8, 8.86300E-03, 9.969551140E-03,10,4
Bard_ref,5,H, 1.000E+00,scale, 1.000E-08, 1.000E-01, 1.000E-01,1,78,0,0,5, 2.09900E-03, 1.345267743E-02,7,4
Bard_ref,5,H, 1.000E+00,scale, 1.000E-08, 1.000E-01, 1.000E-01,1,79,0,0,10, 1.15170E-02, 1.222866599E-02,12,4
Bard_ref,5,H, 1.000E+00,scale, 1.000E-08, 1.000E-01, 1.000E-01,1,80,0,0,27, 3.73650E-02, 2.005270419E-02,34,4
Bard_ref,5,H, 1.000E+00,scale, 1.000E-08, 1.000E-01, 1.000E-01,1,81,0,0,7, 3.06000E-03, 1.953728666E-02,9,4
Bard_ref,5,H, 1.000E+00,scale, 1.000E-08, 1.000E-01, 1.000E-01,1,82,0,0,12, 1.58430E-02, 1.235558289E-02,14,4
Bard_ref,5,H, 1.000E+00,scale, 1.000E-08, 1.000E-01, 1.000E-01,1,83,0,0,2, 1.88200E-03, 6.704052724E-01,4,2
Bard_ref,5,H, 1.000E+00,scale, 1.000E-08, 1.000E-01, 1.000E-01,1,84,0,0,6, 2.41100E-03, 2.914615123E-02,8,4
Bard_ref,5,H, 1.000E+00,scale, 1.000E-08, 1.000E-01, 1.000E-01,1,85,0,0,11, 1.19330E-02, 1.216934600E-02,13,4
Bard_ref,5,H, 1.000E+00,scale, 1.000E-08, 1.000E-01, 1.000E-01,1,86,0,0,6, 4.59200E-03, 3.265902553E-02,9,4
Bard_ref,5,H, 1.000E+00,scale, 1.000E-08, 1.000E-01, 1.000E-01,1,87,0,0,3, 2.55500E-03, 1.265547014E-03,12,4
Bard_ref,5,H, 1.000E+00,scale, 1.000E-08, 1.000E-01, 1.000E-01,1,88,0,0,3, 1.92900E-03, 6.538892321E-01,4,4
Bard_ref,5,H, 1.000E+00,scale, 1.000E-08, 1.000E-01, 1.000E-01,1,89,0,0,3, 7.98000E-04, 7.106720511E-03,5,4
Bard_ref,5,H, 1.000E+00,scale, 1.000E-08, 1.000E-01, 1.000E-01,1,90,0,0,3, 1.72900E-03, 1.956562731E-02,8,4
Bard_ref,5,H, 1.000E+00,scale, 1.000E-08, 1.000E-01, 1.000E-01,1,91,0,0,6, 1.99000E-03, 9.767597785E-03,8,4
Bard_ref,5,H, 1.000E+00,scale, 1.000E-08, 1.000E-01, 1.000E-01,1,92,0,0,9, 1.13540E-02, 7.082573100E-03,11,4
Bard_ref,5,H, 1.000E+00,scale, 1.000E-08, 1.000E-01, 1.000E-01,1,93,0,0,3, 2.79200E-03, 2.921310076E-02,5,4
Bard_ref,5,H, 1.000E+00,scale, 1.000E-08, 1.000E-01, 1.000E-01,1,94,0,0,6, 5.13200E-03, 1.089477217E-02,9,4
Bard_ref,5,H, 1.000E+00,scale, 1.000E-08, 1.000E-01, 1.000E-01,1,95,0,0,7, 5.39400E-03, 7.378954024E-03,9,4
Bard_ref,5,H, 1.000E+00,scale, 1.000E-08, 1.000E-01, 1.000E-01,1,96,0,0,2, 2.80900E-03, 4.184199573E-02,5,4
Bard_ref,5,H, 1.000E+00,scale, 1.000E-08, 1.000E-01, 1.000E-01,1,97,0,0,4, 1.98800E-03, 1.269582750E-02,6,4
Bard_ref,5,H, 1.000E+00,scale, 1.000E-08, 1.000E-01, 1.000E-01,1,98,0,0,3, 3.79300E-03, 8.210819690E-03,5,4
Bard_ref,5,H, 1.000E+00,scale, 1.000E-08, 1.000E-01, 1.000E-01,1,99,0,0,8, 9.47100E-03, 8.639764016E-03,10,4
Bard_ref,5,H, 1.000E+00,scale, 1.000E-08, 1.000E-01, 1.000E-01,1,100,0,0,6, 8.28000E-03, 1.020755708E-04,9,4
