Poly_ref,4,0, 1.000E+00,scale, 1.000E-08, 1.000E-01, 1.000E-01,1,1,0,0,31, 2.90610E-02, 1.351302716E+01,163,0
Poly_ref,4,0, 1.000E+00,scale, 1.000E-08, 1.000E-01, 1.000E-01,1,2,0,0,42, 1.85890E-02, 9.980280294E+00,189,3
Poly_ref,4,0, 1.000E+00,scale, 1.000E-08, 1.000E-01, 1.000E-01,1,3,0,0,33, 1.01620E-02, 9.969059604E+00,141,2
Poly_ref,4,0, 1.000E+00,scale, 1.000E-08, 1.000E-01, 1.000E-01,1,4,0,0,19, 8.32400E-03, 1.228409390E+01,100,0
Poly_ref,4,0, 1.000E+00,scale, 1.000E-08, 1.000E-01, 1.000E-01,1,5,0,0,43, 1.60450E-02, 1.007223101E+01,192,2
Poly_ref,4,0, 1.000E+00,scale, 1.000E-08, 1.000E-01, 1.000E-01,1,6,0,0,34, 1.40850E-02, 9.865159607E+00,163,0
Poly_ref,4,0, 1.000E+00,scale, 1.000E-08, 1.000E-01, 1.000E-01,1,7,0,0,31, 1.50110E-02, 9.040640315E+00,155,3
Poly_ref,4,0, 1.000E+00,scale, 1.000E-08, 1.000E-01, 1.000E-01,1,8,0,0,28, 1.23290E-02, 9.411753476E+00,138,1
Poly_ref,4,0, 1.000E+00,scale, 1.000E-08, 1.000E-01, 1.000E-01,1,9,0,0,47, 2.08640E-02, 9.030410321E+00,227,3
Poly_ref,4,0, 1.000E+00,scale, 1.000E-08, 1.000E-01, 1.000E-01,1,10,0,0,32, 1.29440E-02, 9.054563146E+00,157,3
Poly_ref,4,0, 1.000E+00,scale, 1.000E-08, 1.000E-01, 1.000E-01,1,11,0,0,38, 1.67660E-02, 1.029375864E+01,176,1
Poly_ref,4,0, 1.000E+00,scale, 1.000E-08, 1.000E-01, 1.000E-01,1,12,0,0,11, 3.84300E-03, 1.160834880E+01,59,0
Poly_ref,4,0, 1.000E+00,scale, 1.000E-08, 1.000E-01, 1.000E-01,1,13,0,0,18, 9.36300E-03, 9.376457698E+00,92,2
Poly_ref,4,0, 1.000E+00,scale, 1.000E-08, 1.000E-01, 1.000E-01,1,14,0,0,53, 2.66090E-02, 9.153429197E+00,294,2
Poly_ref,4,0, 1.000E+00,scale, 1.000E-08, 1.000E-01, 1.000E-01,1,15,0,0,23, 1.06870E-02, 1.098060760E+01,109,1
Poly_ref,4,0, 1.000E+00,scale, 1.000E-08, 1.000E-01, 1.000E-01,1,16,0,0,25, 8.38100E-03, 1.349276978E+01,118,0
Poly_ref,4,0, 1.000E+00,scale, 1.000E-08, 1.000E-01, 1.000E-01,1,17,0,0,23, 8.69000E-03, 1.346815034E+01,111,0
Poly_ref,4,0, 1.000E+00,scale, 1.000E-08, 1.000E-01, 1.000E-01,1,18,0,0,14, 6.69800E-03, 9.467138068E+00,85,2
Poly_ref,4,0, 1.000E+00,scale, 1.000E-08, 1.000E-01, 1.000E-01,1,19,0,0,28, 1.18620E-02, 9.242517451E+00,132,4
Poly_ref,4,0, 1.000E+00,scale, 1.000E-08, 1.000E-01, 1.000E-01,1,20,0,0,19, 6.84000E-03, 9.947556167E+00,93,1
Poly_ref,4,0, 1.000E+00,scale, 1.000E-08, 1.000E-01, 1.000E-01,1,21,0,0,46, 1.62650E-02, 9.954519044E+00,198,2
Poly_ref,4,0, 1.000E+00,scale, 1.000E-08, 1.000E-01, 1.000E-01,1,22,0,0,24, 9.45200E-03, 9.993034868E+00,106,3
Poly_ref,4,0, 1.000E+00,scale, 1.000E-08, 1.000E-01, 1.000E-01,1,23,0,0,38, 1.58560E-02, 1.026429264E+01,196,1
Poly_ref,4,0, 1.000E+00,scale, 1.000E-08, 1.000E-01, 1.000E-01,1,24,0,0,31, 1.32240E-02, 9.996215035E+00,154,2
Poly_ref,4,0, 1.000E+00,scale, 1.000E-08, 1.000E-01, 1.000E-01,1,25,0,0,31, 1.16820E-02, 1.100731235E+01,154,1
Poly_ref,4,0, 1.000E+00,scale, 1.000E-08, 1.000E-01, 1.000E-01,1,26,0,0,26, 9.17200E-03, 1.349657098E+01,118,0
Poly_ref,4,0, 1.000E+00,scale, 1.000E-08, 1.000E-01, 1.000E-01,1,27,0,0,29, 1.00050E-02, 9.955239330E+00,119,2
Poly_ref,4,0, 1.000E+00,scale, 1.000E-08, 1.000E-01, 1.000E-01,1,28,0,0,43, 1.60060E-02, 1.000640126E+01,212,2
Poly_ref,4,0, 1.000E+00,scale, 1.000E-08, 1.000E-01, 1.000E-01,1,29,0,0,10, 3.41200E-03, 1.027112004E+01,40,1
Poly_ref,4,0, 1.000E+00,scale, 1.000E-08, 1.000E-01, 1.000E-01,1,30,0,0,26, 1.14810E-02, 9.958589938E+00,131,2
Poly_ref,4,0, 1.000E+00,scale, 1.000E-08, 1.000E-01, 1.000E-01,1,31,0,0,35, 1.60700E-02, 9.426902369E+00,210,1
Poly_ref,4,0, 1.000E+00,scale, 1.000E-08, 1.000E-01, 1.000E-01,1,32,0,0,23, 7.99600E-03, 1.349587431E+01,105,0
Poly_ref,4,0, 1.000E+00,scale, 1.000E-08, 1.000E-01, 1.000E-01,1,33,0,0,20, 9.34500E-03, 1.070537419E+01,114,0
Poly_ref,4,0, 1.000E+00,scale, 1.000E-08, 1.000E-01, 1.000E-01,1,34,0,0,53, 2.60540E-02, 9.380622042E+00,300,2
Poly_ref,4,0, 1.000E+00,scale, 1.000E-08, 1.000E-01, 1.000E-01,1,35,0,0,45, 2.27390E-02, 9.023907390E+00,232,3
Poly_ref,4,0, 1.000E+00,scale, 1.000E-08, 1.000E-01, 1.000E-01,1,36,0,0,38, 1.32550E-02, 9.956560435E+00,178,2
Poly_ref,4,0, 1.000E+00,scale, 1.000E-08, 1.000E-01, 1.000E-01,1,37,0,0,24, 1.22690E-02, 9.409298565E+00,122,2
Poly_ref,4,0, 1.000E+00,scale, 1.000E-08, 1.000E-01, 1.000E-01,1,38,0,0,21, 1.07480E-02, 1.113014984E+01,106,0
Poly_ref,4,0, 1.000E+00,scale, 1.000E-08, 1.000E-01, 1.000E-01,1,39,0,0,28, 1.16320E-02, 1.075718666E+01,134,1
Poly_ref,4,0, 1.000E+00,scale, 1.000E-08, 1.000E-01, 1.000E-01,1,40,0,0,23, 7.29100E-03, 9.939088435E+00,93,3
Poly_ref,4,0, 1.000E+00,scale, 1.000E-08, 1.000E-01, 1.000E-01,1,41,0,0,11, 4.61700E-03, 1.097133898E+01,54,1
Poly_ref,4,0, 1.000E+00,scale, 1.000E-08, 1.000E-01, 1.000E-01,1,42,0,0,24, 7.16000E-03, 9.918661253E+00,92,1
Poly_ref,4,0, 1.000E+00,scale, 1.000E-08, 1.000E-01, 1.000E-01,1,43,0,0,46, 2.23760E-02, 9.112341378E+00,252,2
Poly_ref,4,0, 1.000E+00,scale, 1.000E-08, 1.000E-01, 1.000E-01,1,44,0,0,17, 7.62800E-03, 9.960931809E+00,97,2
Poly_ref,4,0, 1.000E+00,scale, 1.000E-08, 1.000E-01, 1.000E-01,1,45,0,0,40, 1.44560E-02, 9.924355567E+00,192,1
Poly_ref,4,0, 1.000E+00,scale, 1.000E-08, 1.000E-01, 1.000E-01,1,46,0,0,18, 7.85600E-03, 1.207322711E+01,99,0
Poly_ref,4,0, 1.000E+00,scale, 1.000E-08, 1.000E-01, 1.000E-01,1,47,0,0,33, 1.42320E-02, 1.031692491E+01,146,1
Poly_ref,4,0, 1.000E+00,scale, 1.000E-08, 1.000E-01, 1.000E-01,1,48,0,0,18, 7.26000E-03, 1.099937844E+01,92,1
Poly_ref,4,0, 1.000E+00,scale, 1.000E-08, 1.000E-01, 1.000E-01,1,49,0,0,17, 8.14000E-03, 9.844409275E+00,89,0
Poly_ref,4,0, 1.000E+00,scale, 1.000E-08, 1.000E-01, 1.000E-01,1,50,0,0,64, 2.83810E-02, 9.013271392E+00,341,3
Poly_ref,4,0, 1.000E+00,scale, 1.000E-08, 1.000E-01, 1.000E-01,1,51,0,0,23, 8.81900E-03, 1.346882356E+01,101,0
Poly_ref,4,0, 1.000E+00,scale, 1.000E-08, 1.000E-01, 1.000E-01,1,52,0,0,29, 1.17500E-02, 9.981538657E+00,136,2
Poly_ref,4,0, 1.000E+00,scale, 1.000E-08, 1.000E-01, 1.000E-01,1,53,0,0,14, 6.02100E-03, 1.098072967E+01,70,1
Poly_ref,4,0, 1.000E+00,scale, 1.000E-08, 1.000E-01, 1.000E-01,1,54,0,0,37, 1.72420E-02, 9.249367626E+00,177,4
Poly_ref,4,0, 1.000E+00,scale, 1.000E-08, 1.000E-01, 1.000E-01,1,55,0,0,29, 1.41570E-02, 9.426653375E+00,176,1
Poly_ref,4,0, 1.000E+00,scale, 1.000E-08, 1.000E-01, 1.000E-01,1,56,0,0,40, 2.08790E-02, 9.399218129E+00,194,2
Poly_ref,4,0, 1.000E+00,scale, 1.000E-08, 1.000E-01, 1.000E-01,1,57,0,0,69, 3.51620E-02, 9.032112779E+00,361,3
Poly_ref,4,0, 1.000E+00,scale, 1.000E-08, 1.000E-01, 1.000E-01,1,58,0,0,35, 1.67390E-02, 1.027928245E+01,171,1
Poly_ref,4,0, 1.000E+00,scale, 1.000E-08, 1.000E-01, 1.000E-01,1,59,0,0,11, 3.29700E-03, 1.336812041E+01,47,0
Poly_ref,4,0, 1.000E+00,scale, 1.000E-08, 1.000E-01, 1.000E-01,1,60,0,0,16, 7.86400E-03, 1.228016427E+01,83,0
Poly_ref,4,0, 1.000E+00,scale, 1.000E-08, 1.000E-01, 1.000E-01,1,61,0,0,33, 1.72500E-02, 1.026514296E+01,164,1
Poly_ref,4,0, 1.000E+00,scale, 1.000E-08, 1.000E-01, 1.000E-01,1,62,0,0,40, 2.03770E-02, 1.030101856E+01,175,1
Poly_ref,4,0, 1.000E+00,scale, 1.000E-08, 1.000E-01, 1.000E-01,1,63,0,0,16, 5.63600E-03, 9.410791428E+00,81,1
Poly_ref,4,0, 1.000E+00,scale, 1.000E-08, 1.000E-01, 1.000E-01,1,64,0,0,18, 8.29000E-03, 1.028738226E+01,83,1
Poly_ref,4,0, 1.000E+00,scale, 1.000E-08, 1.000E-01, 1.000E-01,1,65,0,0,29, 9.87300E-03, 1.001741455E+01,127,2
Poly_ref,4,0, 1.000E+00,scale, 1.000E-08, 1.000E-01, 1.000E-01,1,66,0,0,29, 1.04610E-02, 9.986650354E+00,139,2
Poly_ref,4,0, 1.000E+00,scale, 1.000E-08, 1.000E-01, 1.000E-01,1,67,0,0,34, 1.45540E-02, 9.015032723E+00,179,3
Poly_ref,4,0, 1.000E+00,scale, 1.000E-08, 1.000E-01, 1.000E-01,1,68,0,0,43, 1.62370E-02, 1.028089035E+01,212,1
Poly_ref,4,0, 1.000E+00,scale, 1.000E-08, 1.000E-01, 1.000E-01,1,69,0,0,27, 9.62300E-03, 1.069792628E+01,142,0
Poly_ref,4,0, 1.000E+00,scale, 1.000E-08, 1.000E-01, 1.000E-01,1,70,0,0,15, 5.67300E-03, 1.028981744E+01,71,1
Poly_ref,4,0, 1.000E+00,scale, 1.000E-08, 1.000E-01, 1.000E-01,1,71,0,0,35, 1.21100E-02, 9.943302120E+00,163,2
Poly_ref,4,0, 1.000E+00,scale, 1.000E-08, 1.000E-01, 1.000E-01,1,72,0,0,33, 1.02510E-02, 1.349498911E+01,170,0
Poly_ref,4,0, 1.000E+00,scale, 1.000E-08, 1.000E-01, 1.000E-01,1,73,0,0,26, 8.34200E-03, 1.029908082E+01,116,1
Poly_ref,4,0, 1.000E+00,scale, 1.000E-08, 1.000E-01, 1.000E-01,1,74,0,0,21, 6.29100E-03, 1.335802613E+01,97,0
Poly_ref,4,0, 1.000E+00,scale, 1.000E-08, 1.000E-01, 1.000E-01,1,75,0,0,16, 5.35700E-03, 1.076532437E+01,70,1
Poly_ref,4,0, 1.000E+00,scale, 1.000E-08, 1.000E-01, 1.000E-01,1,76,0,0,27, 1.14640E-02, 9.941251824E+00,122,2
Poly_ref,4,0, 1.000E+00,scale, 1.000E-08, 1.000E-01, 1.000E-01,1,77,0,0,27, 1.03640E-02, 1.072292415E+01,132,1
Poly_ref,4,0, 1.000E+00,scale, 1.000E-08, 1.000E-01, 1.000E-01,1,78,0,0,45, 1.37210E-02, 9.959840557E+00,190,2
Poly_ref,4,0, 1.000E+00,scale, 1.000E-08, 1.000E-01, 1.000E-01,1,79,0,0,35, 1.37130E-02, 9.029204118E+00,184,3
Poly_ref,4,0, 1.000E+00,scale, 1.000E-08, 1.000E-01, 1.000E-01,1,80,0,0,30, 1.05050E-02, 1.101400258E+01,178,1
Poly_ref,4,0, 1.000E+00,scale, 1.000E-08, 1.000E-01, 1.000E-01,1,81,0,0,24, 8.66200E-03, 1.029976238E+01,110,1
Poly_ref,4,0, 1.000E+00,scale, 1.000E-08, 1.000E-01, 1.000E-01,1,82,0,0,33, 1.10500E-02, 9.018360701E+00,163,3
Poly_ref,4,0, 1.000E+00,scale, 1.000E-08, 1.000E-01, 1.000E-01,1,83,0,0,43, 1.34290E-02, 1.000393360E+01,205,2
Poly_ref,4,0, 1.000E+00,scale, 1.000E-08, 1.000E-01, 1.000E-01,1,84,0,0,19, 6.38600E-03, 1.101185171E+01,88,1
Poly_ref,4,0, 1.000E+00,scale, 1.000E-08, 1.000E-01, 1.000E-01,1,85,0,0,21, 7.19100E-03, 1.096945322E+01,102,1
Poly_ref,4,0, 1.000E+00,scale, 1.000E-08, 1.000E-01, 1.000E-01,1,86,0,0,24, 7.77200E-03, 9.054355532E+00,113,3
Poly_ref,4,0, 1.000E+00,scale, 1.000E-08, 1.000E-01, 1.000E-01,1,87,0,0,32, 9.75400E-03, 1.002102478E+01,133,2
Poly_ref,4,0, 1.000E+00,scale, 1.000E-08, 1.000E-01, 1.000E-01,1,88,0,0,26, 9.84700E-03, 9.017561804E+00,108,3
Poly_ref,4,0, 1.000E+00,scale, 1.000E-08, 1.000E-01, 1.000E-01,1,89,0,0,56, 2.17940E-02, 9.957987522E+00,276,2
Poly_ref,4,0, 1.000E+00,scale, 1.000E-08, 1.000E-01, 1.000E-01,1,90,0,0,14, 1.14090E-02, 1.029928058E+01,83,1
Poly_ref,4,0, 1.000E+00,scale, 1.000E-08, 1.000E-01, 1.000E-01,1,91,0,0,52, 3.04350E-02, 9.958501890E+00,241,2
Poly_ref,4,0, 1.000E+00,scale, 1.000E-08, 1.000E-01, 1.000E-01,1,92,0,0,16, 8.51500E-03, 1.098446686E+01,84,1
Poly_ref,4,0, 1.000E+00,scale, 1.000E-08, 1.000E-01, 1.000E-01,1,93,0,0,10, 3.83300E-03, 1.299942611E+01,34,0
Poly_ref,4,0, 1.000E+00,scale, 1.000E-08, 1.000E-01, 1.000E-01,1,94,0,0,21, 1.19250E-02, 9.149084087E+00,96,2
Poly_ref,4,0, 1.000E+00,scale, 1.000E-08, 1.000E-01, 1.000E-01,1,95,0,0,27, 1.56830E-02, 9.028145202E+00,127,3
Poly_ref,4,0, 1.000E+00,scale, 1.000E-08, 1.000E-01, 1.000E-01,1,96,0,0,26, 1.58600E-02, 1.026787656E+01,129,1
Poly_ref,4,0, 1.000E+00,scale, 1.000E-08, 1.000E-01, 1.000E-01,1,97,0,0,26, 1.69890E-02, 1.230954471E+01,127,0
Poly_ref,4,0, 1.000E+00,scale, 1.000E-08, 1.000E-01, 1.000E-01,1,98,0,0,33, 1.26170E-02, 9.049702974E+00,174,3
Poly_ref,4,0, 1.000E+00,scale, 1.000E-08, 1.000E-01, 1.000E-01,1,99,0,0,34, 1.19240E-02, 9.031466248E+00,163,3
Poly_ref,4,0, 1.000E+00,scale, 1.000E-08, 1.000E-01, 1.000E-01,1,100,0,0,40, 1.20340E-02, 9.927075586E+00,164,1
