Bard_ref,6,H, 1.000E+00,scale, 1.000E-08, 1.000E-03, 1.000E-01,1,1,0,0,14, 1.50070E-02, 8.428497065E-04,17,4
Bard_ref,6,H, 1.000E+00,scale, 1.000E-08, 1.000E-03, 1.000E-01,1,2,0,0,22, 5.79200E-03, 1.385104030E-03,33,4
Bard_ref,6,H, 1.000E+00,scale, 1.000E-08, 1.000E-03, 1.000E-01,1,3,0,0,20, 6.78600E-03, 1.676201941E-03,28,4
Bard_ref,6,H, 1.000E+00,scale, 1.000E-08, 1.000E-03, 1.000E-01,1,4,0,0,25, 1.45100E-02, 3.059329912E-04,42,4
Bard_ref,6,H, 1.000E+00,scale, 1.000E-08, 1.000E-03, 1.000E-01,1,5,0,0,19, 6.89200E-03, 1.615669711E-03,27,4
Bard_ref,6,H, 1.000E+00,scale, 1.000E-08, 1.000E-03, 1.000E-01,1,6,0,0,12, 3.01900E-03, 1.442677641E-03,23,4
Bard_ref,6,H, 1.000E+00,scale, 1.000E-08, 1.000E-03, 1.000E-01,1,7,0,0,13, 5.41300E-03, 1.795688769E-03,18,4
Bard_ref,6,H, 1.000E+00,scale, 1.000E-08, 1.000E-03, 1.000E-01,1,8,0,0,22, 5.62400E-03, 1.575209515E-03,29,4
Bard_ref,6,H, 1.000E+00,scale, 1.000E-08, 1.000E-03, 1.000E-01,1,9,0,0,10, 2.41900E-03, 1.418767030E-03,21,4
Bard_ref,6,H, 1.000E+00,scale, 1.000E-08, 1.000E-03, 1.000E-01,1,10,0,0,91, 1.02864E-01, 1.636496968E-04,93,4
Bard_ref,6,H, 1.000E+00,scale, 1.000E-08, 1.000E-03, 1.000E-01,1,11,0,0,19, 6.40100E-03, 1.750290310E-03,38,4
Bard_ref,6,H, 1.000E+00,scale, 1.000E-08, 1.000E-03, 1.000E-01,1,12,0,0,23, 7.49000E-03, 1.635280386E-03,40,4
Bard_ref,6,H, 1.000E+00,scale, 1.000E-08, 1.000E-03, 1.000E-01,1,13,0,0,14, 4.18900E-03, 1.538198976E-03,28,4
Bard_ref,6,H, 1.000E+00,scale, 1.000E-08, 1.000E-03, 1.000E-01,1,14,0,0,22, 5.24600E-03, 1.514486043E-03,30,4
Bard_ref,6,H, 1.000E+00,scale, 1.000E-08, 1.000E-03, 1.000E-01,1,15,0,0,19, 5.32900E-03, 1.703858184E-03,57,4
Bard_ref,6,H, 1.000E+00,scale, 1.000E-08, 1.000E-03, 1.000E-01,1,16,0,0,12, 5.06000E-03, 8.703092895E-04,17,4
Bard_ref,6,H, 1.000E+00,scale, 1.000E-08, 1.000E-03, 1.000E-01,1,17,0,0,24, 9.74800E-03, 1.497936075E-03,32,4
Bard_ref,6,H, 1.000E+00,scale, 1.000E-08, 1.000E-03, 1.000E-01,1,18,0,0,17, 5.37800E-03, 1.597774805E-03,32,4
Bard_ref,6,H, 1.000E+00,scale, 1.000E-08, 1.000E-03, 1.000E-01,1,19,0,0,21, 4.72900E-03, 1.543147598E-03,30,4
Bard_ref,6,H, 1.000E+00,scale, 1.000E-08, 1.000E-03, 1.000E-01,1,20,0,0,20, 6.76500E-03, 1.662652423E-03,40,4
Bard_ref,6,H, 1.000E+00,scale, 1.000E-08, 1.000E-03, 1.000E-01,1,21,0,0,15, 6.58300E-03, 1.648872039E-03,19,4
Bard_ref,6,H, 1.000E+00,scale, 1.000E-08, 1.000E-03, 1.000E-01,1,22,0,0,16, 5.38400E-03, 1.581464183E-03,23,4
Bard_ref,6,H, 1.000E+00,scale, 1.000E-08, 1.000E-03, 1.000E-01,1,23,0,0,7, 1.75700E-03, 1.613620623E-03,11,4
Bard_ref,6,H, 1.000E+00,scale, 1.000E-08, 1.000E-03, 1.000E-01,1,24,0,0,22, 5.86400E-03, 1.387171043E-03,37,4
Bard_ref,6,H, 1.000E+00,scale, 1.000E-08, 1.000E-03, 1.000E-01,1,25,0,0,16, 4.86100E-03, 1.389099111E-03,33,4
Bard_ref,6,H, 1.000E+00,scale, 1.000E-08, 1.000E-03, 1.000E-01,1,26,0,0,34, 3.24940E-02, 1.891571290E-04,41,4
Bard_ref,6,H, 1.000E+00,scale, 1.000E-08, 1.000E-03, 1.000E-01,1,27,0,0,19, 5.71500E-03, 1.738542173E-03,34,4
Bard_ref,6,H, 1.000E+00,scale, 1.000E-08, 1.000E-03, 1.000E-01,1,28,0,0,15, 7.14000E-03, 1.739572122E-03,18,4
Bard_ref,6,H, 1.000E+00,scale, 1.000E-08, 1.000E-03, 1.000E-01,1,29,0,0,18, 7.90200E-03, 1.593073136E-03,26,4
Bard_ref,6,H, 1.000E+00,scale, 1.000E-08, 1.000E-03, 1.000E-01,1,30,0,0,18, 5.31900E-03, 1.221832756E-03,34,4
Bard_ref,6,H, 1.000E+00,scale, 1.000E-08, 1.000E-03, 1.000E-01,1,31,0,0,27, 4.47200E-03, 1.250112862E-03,36,4
Bard_ref,6,H, 1.000E+00,scale, 1.000E-08, 1.000E-03, 1.000E-01,1,32,0,0,22, 6.51300E-03, 1.587189567E-03,31,4
Bard_ref,6,H, 1.000E+00,scale, 1.000E-08, 1.000E-03, 1.000E-01,1,33,0,0,18, 5.15400E-03, 1.688697389E-03,40,4
Bard_ref,6,H, 1.000E+00,scale, 1.000E-08, 1.000E-03, 1.000E-01,1,34,0,0,23, 6.36100E-03, 1.605130705E-03,33,4
Bard_ref,6,H, 1.000E+00,scale, 1.000E-08, 1.000E-03, 1.000E-01,1,35,0,0,20, 6.38700E-03, 1.568618948E-03,28,4
Bard_ref,6,H, 1.000E+00,scale, 1.000E-08, 1.000E-03, 1.000E-01,1,36,0,0,23, 6.91000E-03, 1.655000500E-03,31,4
Bard_ref,6,H, 1.000E+00,scale, 1.000E-08, 1.000E-03, 1.000E-01,1,37,0,0,24, 6.96700E-03, 1.597751197E-03,50,4
Bard_ref,6,H, 1.000E+00,scale, 1.000E-08, 1.000E-03, 1.000E-01,1,38,0,0,22, 6.11400E-03, 1.593039908E-03,30,4
Bard_ref,6,H, 1.000E+00,scale, 1.000E-08, 1.000E-03, 1.000E-01,1,39,0,0,17, 6.59600E-03, 1.707722234E-03,29,4
Bard_ref,6,H, 1.000E+00,scale, 1.000E-08, 1.000E-03, 1.000E-01,1,40,0,0,21, 7.04700E-03, 1.494613899E-03,33,4
Bard_ref,6,H, 1.000E+00,scale, 1.000E-08, 1.000E-03, 1.000E-01,1,41,0,0,12, 4.05700E-03, 1.425522806E-03,16,4
Bard_ref,6,H, 1.000E+00,scale, 1.000E-08, 1.000E-03, 1.000E-01,1,42,0,0,18, 4.93400E-03, 1.785759937E-03,43,4
Bard_ref,6,H, 1.000E+00,scale, 1.000E-08, 1.000E-03, 1.000E-01,1,43,0,0,21, 5.95800E-03, 1.593306657E-03,30,4
Bard_ref,6,H, 1.000E+00,scale, 1.000E-08, 1.000E-03, 1.000E-01,1,44,0,0,18, 5.37000E-03, 1.625428661E-03,32,4
Bard_ref,6,H, 1.000E+00,scale, 1.000E-08, 1.000E-03, 1.000E-01,1,45,0,0,16, 5.15300E-03, 1.419673892E-03,29,4
Bard_ref,6,H, 1.000E+00,scale, 1.000E-08, 1.000E-03, 1.000E-01,1,46,0,0,18, 2.96800E-03, 1.412842397E-03,32,4
Bard_ref,6,H, 1.000E+00,scale, 1.000E-08, 1.000E-03, 1.000E-01,1,47,0,0,15, 4.87300E-03, 1.507003340E-03,29,4
Bard_ref,6,H, 1.000E+00,scale, 1.000E-08, 1.000E-03, 1.000E-01,1,48,0,0,14, 8.17100E-03, 1.466614207E-03,22,4
Bard_ref,6,H, 1.000E+00,scale, 1.000E-08, 1.000E-03, 1.000E-01,1,49,0,0,23, 9.02400E-03, 1.754426128E-03,50,4
Bard_ref,6,H, 1.000E+00,scale, 1.000E-08, 1.000E-03, 1.000E-01,1,50,0,0,17, 6.08300E-03, 1.736313723E-03,31,4
Bard_ref,6,H, 1.000E+00,scale, 1.000E-08, 1.000E-03, 1.000E-01,1,51,0,0,17, 1.20240E-02, 3.749077094E-04,24,4
Bard_ref,6,H, 1.000E+00,scale, 1.000E-08, 1.000E-03, 1.000E-01,1,52,0,0,22, 6.69100E-03, 1.513225097E-03,48,4
Bard_ref,6,H, 1.000E+00,scale, 1.000E-08, 1.000E-03, 1.000E-01,1,53,0,0,19, 5.23300E-03, 1.420857327E-03,41,4
Bard_ref,6,H, 1.000E+00,scale, 1.000E-08, 1.000E-03, 1.000E-01,1,54,0,0,19, 7.60900E-03, 1.567368707E-03,34,4
Bard_ref,6,H, 1.000E+00,scale, 1.000E-08, 1.000E-03, 1.000E-01,1,55,0,0,16, 6.10000E-03, 1.723290292E-03,29,4
Bard_ref,6,H, 1.000E+00,scale, 1.000E-08, 1.000E-03, 1.000E-01,1,56,0,0,31, 2.29530E-02, 3.184156528E-04,39,4
Bard_ref,6,H, 1.000E+00,scale, 1.000E-08, 1.000E-03, 1.000E-01,1,57,0,0,15, 6.26900E-03, 1.791606681E-03,20,4
Bard_ref,6,H, 1.000E+00,scale, 1.000E-08, 1.000E-03, 1.000E-01,1,58,0,0,13, 4.02400E-03, 1.500929455E-03,24,4
Bard_ref,6,H, 1.000E+00,scale, 1.000E-08, 1.000E-03, 1.000E-01,1,59,0,0,77, 9.82730E-02, 1.082470941E-04,79,4
Bard_ref,6,H, 1.000E+00,scale, 1.000E-08, 1.000E-03, 1.000E-01,1,60,0,0,20, 5.34500E-03, 1.644012723E-03,28,4
Bard_ref,6,H, 1.000E+00,scale, 1.000E-08, 1.000E-03, 1.000E-01,1,61,0,0,13, 5.35600E-03, 1.567338540E-03,19,4
Bard_ref,6,H, 1.000E+00,scale, 1.000E-08, 1.000E-03, 1.000E-01,1,62,0,0,22, 7.38900E-03, 1.659583523E-03,43,4
Bard_ref,6,H, 1.000E+00,scale, 1.000E-08, 1.000E-03, 1.000E-01,1,63,0,0,20, 5.85000E-03, 1.765320639E-03,35,4
Bard_ref,6,H, 1.000E+00,scale, 1.000E-08, 1.000E-03, 1.000E-01,1,64,0,0,14, 5.10100E-03, 1.535850506E-03,23,4
Bard_ref,6,H, 1.000E+00,scale, 1.000E-08, 1.000E-03, 1.000E-01,1,65,0,0,18, 5.63700E-03, 1.578872383E-03,30,4
Bard_ref,6,H, 1.000E+00,scale, 1.000E-08, 1.000E-03, 1.000E-01,1,66,0,0,15, 5.40300E-03, 1.545314450E-03,20,4
Bard_ref,6,H, 1.000E+00,scale, 1.000E-08, 1.000E-03, 1.000E-01,1,67,0,0,14, 4.00900E-03, 1.404306925E-03,29,4
Bard_ref,6,H, 1.000E+00,scale, 1.000E-08, 1.000E-03, 1.000E-01,1,68,0,0,18, 5.48200E-03, 1.567691989E-03,26,4
Bard_ref,6,H, 1.000E+00,scale, 1.000E-08, 1.000E-03, 1.000E-01,1,69,0,0,20, 6.78400E-03, 1.298547219E-03,28,4
Bard_ref,6,H, 1.000E+00,scale, 1.000E-08, 1.000E-03, 1.000E-01,1,70,0,0,16, 5.65800E-03, 1.827436382E-03,27,4
Bard_ref,6,H, 1.000E+00,scale, 1.000E-08, 1.000E-03, 1.000E-01,1,71,0,0,15, 5.33600E-03, 1.591944413E-03,20,4
Bard_ref,6,H, 1.000E+00,scale, 1.000E-08, 1.000E-03, 1.000E-01,1,72,0,0,23, 7.33600E-03, 1.561236438E-03,46,4
Bard_ref,6,H, 1.000E+00,scale, 1.000E-08, 1.000E-03, 1.000E-01,1,73,0,0,6, 3.37200E-03, 4.006302274E-05,8,4
Bard_ref,6,H, 1.000E+00,scale, 1.000E-08, 1.000E-03, 1.000E-01,1,74,0,0,19, 7.61800E-03, 1.677334102E-03,33,4
Bard_ref,6,H, 1.000E+00,scale, 1.000E-08, 1.000E-03, 1.000E-01,1,75,0,0,14, 5.35100E-03, 1.584842711E-03,28,4
Bard_ref,6,H, 1.000E+00,scale, 1.000E-08, 1.000E-03, 1.000E-01,1,76,0,0,47, 3.33590E-02, 1.799028901E-03,58,4
Bard_ref,6,H, 1.000E+00,scale, 1.000E-08, 1.000E-03, 1.000E-01,1,77,0,0,16, 4.38200E-03, 1.837516706E-03,27,4
Bard_ref,6,H, 1.000E+00,scale, 1.000E-08, 1.000E-03, 1.000E-01,1,78,0,0,23, 7.32100E-03, 1.695578093E-03,35,4
Bard_ref,6,H, 1.000E+00,scale, 1.000E-08, 1.000E-03, 1.000E-01,1,79,0,0,21, 6.25300E-03, 1.513789222E-03,33,4
Bard_ref,6,H, 1.000E+00,scale, 1.000E-08, 1.000E-03, 1.000E-01,1,80,0,0,11, 3.72000E-03, 1.864656092E-03,19,4
Bard_ref,6,H, 1.000E+00,scale, 1.000E-08, 1.000E-03, 1.000E-01,1,81,0,0,19, 6.14800E-03, 1.754152199E-03,37,4
Bard_ref,6,H, 1.000E+00,scale, 1.000E-08, 1.000E-03, 1.000E-01,1,82,0,0,19, 6.18200E-03, 1.771063608E-03,40,4
Bard_ref,6,H, 1.000E+00,scale, 1.000E-08, 1.000E-03, 1.000E-01,1,83,0,0,11, 2.49300E-03, 1.372052973E-03,25,4
Bard_ref,6,H, 1.000E+00,scale, 1.000E-08, 1.000E-03, 1.000E-01,1,84,0,0,12, 3.12200E-03, 1.403792606E-03,26,4
Bard_ref,6,H, 1.000E+00,scale, 1.000E-08, 1.000E-03, 1.000E-01,1,85,0,0,23, 8.04600E-03, 1.542633283E-03,51,4
Bard_ref,6,H, 1.000E+00,scale, 1.000E-08, 1.000E-03, 1.000E-01,1,86,0,0,7, 1.65300E-03, 1.608310595E-03,15,4
Bard_ref,6,H, 1.000E+00,scale, 1.000E-08, 1.000E-03, 1.000E-01,1,87,0,0,16, 5.00800E-03, 1.762575141E-03,38,4
Bard_ref,6,H, 1.000E+00,scale, 1.000E-08, 1.000E-03, 1.000E-01,1,88,0,0,13, 3.38300E-03, 1.382869920E-03,27,4
Bard_ref,6,H, 1.000E+00,scale, 1.000E-08, 1.000E-03, 1.000E-01,1,89,0,0,34, 3.30800E-02, 1.393354819E-04,38,4
Bard_ref,6,H, 1.000E+00,scale, 1.000E-08, 1.000E-03, 1.000E-01,1,90,0,0,22, 7.81000E-03, 1.601796225E-03,31,4
Bard_ref,6,H, 1.000E+00,scale, 1.000E-08, 1.000E-03, 1.000E-01,1,91,0,0,18, 5.68900E-03, 1.444627291E-03,25,4
Bard_ref,6,H, 1.000E+00,scale, 1.000E-08, 1.000E-03, 1.000E-01,1,92,0,0,24, 6.17500E-03, 1.522597283E-03,36,4
Bard_ref,6,H, 1.000E+00,scale, 1.000E-08, 1.000E-03, 1.000E-01,1,93,0,0,30, 2.82170E-02, 3.551122585E-04,38,4
Bard_ref,6,H, 1.000E+00,scale, 1.000E-08, 1.000E-03, 1.000E-01,1,94,0,0,19, 6.47500E-03, 1.400293275E-03,38,4
Bard_ref,6,H, 1.000E+00,scale, 1.000E-08, 1.000E-03, 1.000E-01,1,95,0,0,20, 5.28200E-03, 1.648920244E-03,41,4
Bard_ref,6,H, 1.000E+00,scale, 1.000E-08, 1.000E-03, 1.000E-01,1,96,0,0,6, 2.26900E-03, 4.938864704E-04,16,4
Bard_ref,6,H, 1.000E+00,scale, 1.000E-08, 1.000E-03, 1.000E-01,1,97,0,0,18, 5.87800E-03, 1.600236208E-03,26,4
Bard_ref,6,H, 1.000E+00,scale, 1.000E-08, 1.000E-03, 1.000E-01,1,98,0,0,39, 4.53260E-02, 4.660236864E-04,48,4
Bard_ref,6,H, 1.000E+00,scale, 1.000E-08, 1.000E-03, 1.000E-01,1,99,0,0,23, 8.06300E-03, 1.645012070E-03,35,4
Bard_ref,6,H, 1.000E+00,scale, 1.000E-08, 1.000E-03, 1.000E-01,1,100,0,0,15, 4.74700E-03, 1.389551218E-03,25,4
