Bard_ref,4,0, 1.000E+00,scale, 1.000E-08, 1.000E-02, 1.000E-03,1,1,0,0,17, 5.71700E-03, 3.621191502E-03,101,4
Bard_ref,4,0, 1.000E+00,scale, 1.000E-08, 1.000E-02, 1.000E-03,1,2,0,0,10, 5.16100E-03, 1.385660091E-03,70,4
Bard_ref,4,0, 1.000E+00,scale, 1.000E-08, 1.000E-02, 1.000E-03,1,3,0,0,7, 4.54000E-03, 5.579248353E-03,38,4
Bard_ref,4,0, 1.000E+00,scale, 1.000E-08, 1.000E-02, 1.000E-03,1,4,0,0,5, 3.83700E-03, 6.037938803E-03,22,4
Bard_ref,4,0, 1.000E+00,scale, 1.000E-08, 1.000E-02, 1.000E-03,1,5,0,0,16, 8.85100E-03, 2.178805493E-03,98,4
Bard_ref,4,0, 1.000E+00,scale, 1.000E-08, 1.000E-02, 1.000E-03,1,6,0,0,6, 3.89300E-03, 2.251115882E-03,41,4
Bard_ref,4,0, 1.000E+00,scale, 1.000E-08, 1.000E-02, 1.000E-03,1,7,0,0,18, 7.02500E-03, 3.646225369E-03,98,4
Bard_ref,4,0, 1.000E+00,scale, 1.000E-08, 1.000E-02, 1.000E-03,1,8,0,0,5, 2.39000E-03, 3.400623998E-03,25,4
Bard_ref,4,0, 1.000E+00,scale, 1.000E-08, 1.000E-02, 1.000E-03,1,9,0,0,6, 2.68500E-03, 5.531884759E-03,31,4
Bard_ref,4,0, 1.000E+00,scale, 1.000E-08, 1.000E-02, 1.000E-03,1,10,0,0,3, 1.55400E-03, 6.481153489E-03,14,4
Bard_ref,4,0, 1.000E+00,scale, 1.000E-08, 1.000E-02, 1.000E-03,1,11,0,0,9, 5.31300E-03, 3.923726307E-03,48,4
Bard_ref,4,0, 1.000E+00,scale, 1.000E-08, 1.000E-02, 1.000E-03,1,12,0,0,8, 4.42000E-03, 1.857373993E-03,40,4
Bard_ref,4,0, 1.000E+00,scale, 1.000E-08, 1.000E-02, 1.000E-03,1,13,0,0,11, 5.13200E-03, 2.046532937E-03,64,4
Bard_ref,4,0, 1.000E+00,scale, 1.000E-08, 1.000E-02, 1.000E-03,1,14,0,0,8, 4.82300E-03, 5.173054274E-03,49,4
Bard_ref,4,0, 1.000E+00,scale, 1.000E-08, 1.000E-02, 1.000E-03,1,15,0,0,7, 4.80100E-03, 5.243865036E-03,40,4
Bard_ref,4,0, 1.000E+00,scale, 1.000E-08, 1.000E-02, 1.000E-03,1,16,0,0,9, 3.69000E-03, 4.462771910E-03,45,4
Bard_ref,4,0, 1.000E+00,scale, 1.000E-08, 1.000E-02, 1.000E-03,1,17,0,0,6, 1.82800E-03, 6.134496223E-03,32,4
Bard_ref,4,0, 1.000E+00,scale, 1.000E-08, 1.000E-02, 1.000E-03,1,18,0,0,9, 3.15800E-03, 1.032179939E-02,47,4
Bard_ref,4,0, 1.000E+00,scale, 1.000E-08, 1.000E-02, 1.000E-03,1,19,0,0,5, 3.44000E-03, 7.096176587E-03,23,4
Bard_ref,4,0, 1.000E+00,scale, 1.000E-08, 1.000E-02, 1.000E-03,1,20,0,0,13, 4.54500E-03, 7.233421392E-03,77,4
Bard_ref,4,0, 1.000E+00,scale, 1.000E-08, 1.000E-02, 1.000E-03,1,21,0,0,8, 4.88200E-03, 3.791910275E-03,41,4
Bard_ref,4,0, 1.000E+00,scale, 1.000E-08, 1.000E-02, 1.000E-03,1,22,0,0,8, 4.51000E-03, 2.572165693E-03,40,4
Bard_ref,4,0, 1.000E+00,scale, 1.000E-08, 1.000E-02, 1.000E-03,1,23,0,0,2, 1.01200E-03, 2.479826648E-03,8,4
Bard_ref,4,0, 1.000E+00,scale, 1.000E-08, 1.000E-02, 1.000E-03,1,24,0,0,7, 3.02600E-03, 4.163591287E-03,34,4
Bard_ref,4,0, 1.000E+00,scale, 1.000E-08, 1.000E-02, 1.000E-03,1,25,0,0,5, 3.94600E-03, 2.849898555E-03,32,4
Bard_ref,4,0, 1.000E+00,scale, 1.000E-08, 1.000E-02, 1.000E-03,1,26,0,0,5, 2.92700E-03, 5.054203120E-03,25,4
Bard_ref,4,0, 1.000E+00,scale, 1.000E-08, 1.000E-02, 1.000E-03,1,27,0,0,13, 5.19000E-03, 5.234727311E-03,74,4
Bard_ref,4,0, 1.000E+00,scale, 1.000E-08, 1.000E-02, 1.000E-03,1,28,0,0,9, 4.27200E-03, 4.426664996E-03,60,4
Bard_ref,4,0, 1.000E+00,scale, 1.000E-08, 1.000E-02, 1.000E-03,1,29,0,0,7, 3.43500E-03, 6.756920847E-03,40,4
Bard_ref,4,0, 1.000E+00,scale, 1.000E-08, 1.000E-02, 1.000E-03,1,30,0,0,7, 3.62600E-03, 4.030504522E-03,34,4
Bard_ref,4,0, 1.000E+00,scale, 1.000E-08, 1.000E-02, 1.000E-03,1,31,0,0,7, 2.55200E-03, 4.878376258E-03,38,4
Bard_ref,4,0, 1.000E+00,scale, 1.000E-08, 1.000E-02, 1.000E-03,1,32,0,0,7, 2.81100E-03, 4.306618454E-03,37,4
Bard_ref,4,0, 1.000E+00,scale, 1.000E-08, 1.000E-02, 1.000E-03,1,33,0,0,8, 3.16600E-03, 5.227295765E-03,44,4
Bard_ref,4,0, 1.000E+00,scale, 1.000E-08, 1.000E-02, 1.000E-03,1,34,0,0,8, 2.97500E-03, 2.412892963E-03,37,4
Bard_ref,4,0, 1.000E+00,scale, 1.000E-08, 1.000E-02, 1.000E-03,1,35,0,0,4, 2.21600E-03, 4.101250914E-03,19,4
Bard_ref,4,0, 1.000E+00,scale, 1.000E-08, 1.000E-02, 1.000E-03,1,36,0,0,5, 2.50100E-03, 2.724250828E-03,22,4
Bard_ref,4,0, 1.000E+00,scale, 1.000E-08, 1.000E-02, 1.000E-03,1,37,0,0,7, 4.53400E-03, 5.767467720E-03,36,4
Bard_ref,4,0, 1.000E+00,scale, 1.000E-08, 1.000E-02, 1.000E-03,1,38,0,0,5, 2.32400E-03, 3.995287145E-03,25,4
Bard_ref,4,0, 1.000E+00,scale, 1.000E-08, 1.000E-02, 1.000E-03,1,39,0,0,6, 3.64700E-03, 5.913459371E-03,31,4
Bard_ref,4,0, 1.000E+00,scale, 1.000E-08, 1.000E-02, 1.000E-03,1,40,0,0,15, 5.98700E-03, 3.915838067E-03,81,4
Bard_ref,4,0, 1.000E+00,scale, 1.000E-08, 1.000E-02, 1.000E-03,1,41,0,0,5, 3.15800E-03, 5.378291044E-03,26,4
Bard_ref,4,0, 1.000E+00,scale, 1.000E-08, 1.000E-02, 1.000E-03,1,42,0,0,11, 5.85500E-03, 4.360705189E-03,55,4
Bard_ref,4,0, 1.000E+00,scale, 1.000E-08, 1.000E-02, 1.000E-03,1,43,0,0,4, 3.30200E-03, 3.983280915E-03,19,4
Bard_ref,4,0, 1.000E+00,scale, 1.000E-08, 1.000E-02, 1.000E-03,1,44,0,0,5, 4.35000E-03, 3.670276058E-03,28,4
Bard_ref,4,0, 1.000E+00,scale, 1.000E-08, 1.000E-02, 1.000E-03,1,45,0,0,12, 8.37800E-03, 4.857583389E-03,67,4
Bard_ref,4,0, 1.000E+00,scale, 1.000E-08, 1.000E-02, 1.000E-03,1,46,0,0,6, 5.01100E-03, 2.778431736E-03,46,4
Bard_ref,4,0, 1.000E+00,scale, 1.000E-08, 1.000E-02, 1.000E-03,1,47,0,0,6, 3.35800E-03, 8.742827240E-03,31,4
Bard_ref,4,0, 1.000E+00,scale, 1.000E-08, 1.000E-02, 1.000E-03,1,48,0,0,7, 4.81300E-03, 4.830465839E-03,37,4
Bard_ref,4,0, 1.000E+00,scale, 1.000E-08, 1.000E-02, 1.000E-03,1,49,0,0,9, 5.47800E-03, 4.582978920E-03,58,4
Bard_ref,4,0, 1.000E+00,scale, 1.000E-08, 1.000E-02, 1.000E-03,1,50,0,0,4, 4.22600E-03, 4.148224121E-03,28,4
Bard_ref,4,0, 1.000E+00,scale, 1.000E-08, 1.000E-02, 1.000E-03,1,51,0,0,13, 1.05290E-02, 4.975288442E-03,82,4
Bard_ref,4,0, 1.000E+00,scale, 1.000E-08, 1.000E-02, 1.000E-03,1,52,0,0,10, 6.88800E-03, 5.893855722E-03,50,4
Bard_ref,4,0, 1.000E+00,scale, 1.000E-08, 1.000E-02, 1.000E-03,1,53,0,0,6, 3.14800E-03, 4.990819358E-03,32,4
Bard_ref,4,0, 1.000E+00,scale, 1.000E-08, 1.000E-02, 1.000E-03,1,54,0,0,11, 8.08200E-03, 9.011795624E-03,69,4
Bard_ref,4,0, 1.000E+00,scale, 1.000E-08, 1.000E-02, 1.000E-03,1,55,0,0,5, 5.27700E-03, 5.698094435E-03,22,4
Bard_ref,4,0, 1.000E+00,scale, 1.000E-08, 1.000E-02, 1.000E-03,1,56,0,0,13, 8.89100E-03, 3.438936722E-03,74,4
Bard_ref,4,0, 1.000E+00,scale, 1.000E-08, 1.000E-02, 1.000E-03,1,57,0,0,8, 4.51400E-03, 5.664862975E-03,39,4
Bard_ref,4,0, 1.000E+00,scale, 1.000E-08, 1.000E-02, 1.000E-03,1,58,0,0,5, 3.55200E-03, 7.769806884E-03,25,4
Bard_ref,4,0, 1.000E+00,scale, 1.000E-08, 1.000E-02, 1.000E-03,1,59,0,0,5, 3.91700E-03, 1.819533038E-03,33,4
Bard_ref,4,0, 1.000E+00,scale, 1.000E-08, 1.000E-02, 1.000E-03,1,60,0,0,2, 2.26600E-03, 5.855951002E-03,8,4
Bard_ref,4,0, 1.000E+00,scale, 1.000E-08, 1.000E-02, 1.000E-03,1,61,0,0,14, 1.10290E-02, 6.167851487E-03,76,4
Bard_ref,4,0, 1.000E+00,scale, 1.000E-08, 1.000E-02, 1.000E-03,1,62,0,0,9, 7.24400E-03, 3.021975408E-03,46,4
Bard_ref,4,0, 1.000E+00,scale, 1.000E-08, 1.000E-02, 1.000E-03,1,63,0,0,5, 2.61700E-03, 3.502975045E-01,34,3
Bard_ref,4,0, 1.000E+00,scale, 1.000E-08, 1.000E-02, 1.000E-03,1,64,0,0,9, 7.86600E-03, 2.440513184E-03,55,4
Bard_ref,4,0, 1.000E+00,scale, 1.000E-08, 1.000E-02, 1.000E-03,1,65,0,0,3, 2.31700E-03, 5.158846089E-03,13,4
Bard_ref,4,0, 1.000E+00,scale, 1.000E-08, 1.000E-02, 1.000E-03,1,66,0,0,13, 7.86900E-03, 4.885491406E-03,71,4
Bard_ref,4,0, 1.000E+00,scale, 1.000E-08, 1.000E-02, 1.000E-03,1,67,0,0,8, 4.25100E-03, 5.438433524E-03,44,4
Bard_ref,4,0, 1.000E+00,scale, 1.000E-08, 1.000E-02, 1.000E-03,1,68,0,0,18, 1.40970E-02, 4.759981340E-03,110,4
Bard_ref,4,0, 1.000E+00,scale, 1.000E-08, 1.000E-02, 1.000E-03,1,69,0,0,8, 4.78800E-03, 3.649794005E-03,40,4
Bard_ref,4,0, 1.000E+00,scale, 1.000E-08, 1.000E-02, 1.000E-03,1,70,0,0,4, 1.92600E-03, 5.118883050E-03,32,4
Bard_ref,4,0, 1.000E+00,scale, 1.000E-08, 1.000E-02, 1.000E-03,1,71,0,0,2, 3.04700E-03, 1.961509973E-03,8,4
Bard_ref,4,0, 1.000E+00,scale, 1.000E-08, 1.000E-02, 1.000E-03,1,72,0,0,6, 7.48500E-03, 6.072727465E-03,31,4
Bard_ref,4,0, 1.000E+00,scale, 1.000E-08, 1.000E-02, 1.000E-03,1,73,0,0,14, 8.88200E-03, 6.376736372E-03,80,4
Bard_ref,4,0, 1.000E+00,scale, 1.000E-08, 1.000E-02, 1.000E-03,1,74,0,0,3, 2.92100E-03, 6.444679175E-03,14,4
Bard_ref,4,0, 1.000E+00,scale, 1.000E-08, 1.000E-02, 1.000E-03,1,75,0,0,7, 6.15600E-03, 4.796643246E-03,37,4
Bard_ref,4,0, 1.000E+00,scale, 1.000E-08, 1.000E-02, 1.000E-03,1,76,0,0,7, 4.67500E-03, 6.086865585E-03,37,4
Bard_ref,4,0, 1.000E+00,scale, 1.000E-08, 1.000E-02, 1.000E-03,1,77,0,0,4, 3.63100E-03, 3.500111933E-03,16,4
Bard_ref,4,0, 1.000E+00,scale, 1.000E-08, 1.000E-02, 1.000E-03,1,78,0,0,8, 5.99400E-03, 4.897800946E-03,60,4
Bard_ref,4,0, 1.000E+00,scale, 1.000E-08, 1.000E-02, 1.000E-03,1,79,0,0,4, 3.06500E-03, 4.853657558E-03,35,4
Bard_ref,4,0, 1.000E+00,scale, 1.000E-08, 1.000E-02, 1.000E-03,1,80,0,0,5, 2.79900E-03, 3.387693746E-03,25,4
Bard_ref,4,0, 1.000E+00,scale, 1.000E-08, 1.000E-02, 1.000E-03,1,81,0,0,8, 4.09500E-03, 5.977527921E-03,44,4
Bard_ref,4,0, 1.000E+00,scale, 1.000E-08, 1.000E-02, 1.000E-03,1,82,0,0,7, 6.14100E-03, 2.682044544E-03,33,4
Bard_ref,4,0, 1.000E+00,scale, 1.000E-08, 1.000E-02, 1.000E-03,1,83,0,0,9, 5.38400E-03, 4.282095473E-03,43,4
Bard_ref,4,0, 1.000E+00,scale, 1.000E-08, 1.000E-02, 1.000E-03,1,84,0,0,6, 3.11100E-03, 4.048331570E-03,32,4
Bard_ref,4,0, 1.000E+00,scale, 1.000E-08, 1.000E-02, 1.000E-03,1,85,0,0,5, 2.80700E-03, 3.462656127E-01,30,3
Bard_ref,4,0, 1.000E+00,scale, 1.000E-08, 1.000E-02, 1.000E-03,1,86,0,0,7, 3.36000E-03, 4.973744152E-03,36,4
Bard_ref,4,0, 1.000E+00,scale, 1.000E-08, 1.000E-02, 1.000E-03,1,87,0,0,9, 5.51100E-03, 5.147060416E-03,49,4
Bard_ref,4,0, 1.000E+00,scale, 1.000E-08, 1.000E-02, 1.000E-03,1,88,0,0,8, 4.35400E-03, 5.373970339E-03,44,4
Bard_ref,4,0, 1.000E+00,scale, 1.000E-08, 1.000E-02, 1.000E-03,1,89,0,0,8, 5.73700E-03, 4.323115270E-03,48,4
Bard_ref,4,0, 1.000E+00,scale, 1.000E-08, 1.000E-02, 1.000E-03,1,90,0,0,8, 6.79200E-03, 5.243003032E-03,40,4
Bard_ref,4,0, 1.000E+00,scale, 1.000E-08, 1.000E-02, 1.000E-03,1,91,0,0,6, 3.51500E-03, 4.715292973E-03,45,4
Bard_ref,4,0, 1.000E+00,scale, 1.000E-08, 1.000E-02, 1.000E-03,1,92,0,0,5, 2.55600E-03, 3.323273382E-03,22,4
Bard_ref,4,0, 1.000E+00,scale, 1.000E-08, 1.000E-02, 1.000E-03,1,93,0,0,7, 5.83200E-03, 5.838473763E-03,37,4
Bard_ref,4,0, 1.000E+00,scale, 1.000E-08, 1.000E-02, 1.000E-03,1,94,0,0,12, 8.71200E-03, 5.848857060E-03,86,4
Bard_ref,4,0, 1.000E+00,scale, 1.000E-08, 1.000E-02, 1.000E-03,1,95,0,0,9, 5.97900E-03, 3.449701643E-03,46,4
Bard_ref,4,0, 1.000E+00,scale, 1.000E-08, 1.000E-02, 1.000E-03,1,96,0,0,10, 7.06900E-03, 2.840035038E-03,51,4
Bard_ref,4,0, 1.000E+00,scale, 1.000E-08, 1.000E-02, 1.000E-03,1,97,0,0,11, 7.00400E-03, 6.368671794E-03,78,4
Bard_ref,4,0, 1.000E+00,scale, 1.000E-08, 1.000E-02, 1.000E-03,1,98,0,0,7, 3.83000E-03, 4.566682205E-03,38,4
Bard_ref,4,0, 1.000E+00,scale, 1.000E-08, 1.000E-02, 1.000E-03,1,99,0,0,3, 3.65400E-03, 4.614561418E-03,22,4
Bard_ref,4,0, 1.000E+00,scale, 1.000E-08, 1.000E-02, 1.000E-03,1,100,0,0,14, 1.05270E-02, 4.731539418E-03,84,4
