Bard_ref,4,H, 1.000E-01,scale, 1.000E-08, 1.000E-01, 1.000E-01,1,1,0,0,5, 3.81400E-03, 1.375630539E-02,11,4
Bard_ref,4,H, 1.000E-01,scale, 1.000E-08, 1.000E-01, 1.000E-01,1,2,0,0,9, 5.55600E-03, 3.361315370E-02,12,4
Bard_ref,4,H, 1.000E-01,scale, 1.000E-08, 1.000E-01, 1.000E-01,1,3,0,0,5, 3.30600E-03, 6.990379924E-03,16,4
Bard_ref,4,H, 1.000E-01,scale, 1.000E-08, 1.000E-01, 1.000E-01,1,4,0,0,4, 2.72500E-03, 7.811864240E-03,13,4
Bard_ref,4,H, 1.000E-01,scale, 1.000E-08, 1.000E-01, 1.000E-01,1,5,0,0,4, 2.17200E-03, 1.042727164E-02,9,4
Bard_ref,4,H, 1.000E-01,scale, 1.000E-08, 1.000E-01, 1.000E-01,1,6,0,0,11, 8.26100E-03, 1.650113353E-02,17,4
Bard_ref,4,H, 1.000E-01,scale, 1.000E-08, 1.000E-01, 1.000E-01,1,7,0,0,9, 8.03400E-03, 1.490086206E-02,12,4
Bard_ref,4,H, 1.000E-01,scale, 1.000E-08, 1.000E-01, 1.000E-01,1,8,0,0,14, 1.30030E-02, 2.185439310E-02,20,4
Bard_ref,4,H, 1.000E-01,scale, 1.000E-08, 1.000E-01, 1.000E-01,1,9,0,0,5, 2.67400E-03, 2.803946787E-03,10,4
Bard_ref,4,H, 1.000E-01,scale, 1.000E-08, 1.000E-01, 1.000E-01,1,10,0,0,4, 2.59800E-03, 6.164903867E-03,10,4
