Bennett5_10,15,H, 1.000E+00,clip, 1.000E-08, 1.000E-01, 1.000E-01,2,1,0,0,5, 5.50330E-02, 2.345217902E-01,35,7
Bennett5_10,15,H, 1.000E+00,clip, 1.000E-08, 1.000E-01, 1.000E-01,2,2,0,0,496, 4.40812E+00, 2.112450355E-01,637,8
Bennett5_10,15,H, 1.000E+00,clip, 1.000E-08, 1.000E-01, 1.000E-01,2,3,0,0,6, 7.06580E-02, 1.228948138E-01,47,13
Bennett5_10,15,H, 1.000E+00,clip, 1.000E-08, 1.000E-01, 1.000E-01,2,4,0,0,169, 3.22956E-01, 1.585436275E-01,198,14
Bennett5_10,15,H, 1.000E+00,clip, 1.000E-08, 1.000E-01, 1.000E-01,2,5,0,0,11, 9.50690E-02, 1.254328931E-01,83,8
Bennett5_10,15,H, 1.000E+00,clip, 1.000E-08, 1.000E-01, 1.000E-01,2,6,0,0,6, 8.67070E-02, 1.960124478E-01,48,8
Bennett5_10,15,H, 1.000E+00,clip, 1.000E-08, 1.000E-01, 1.000E-01,2,7,0,0,93, 2.41029E-01, 1.971443532E-01,135,10
Bennett5_10,15,H, 1.000E+00,clip, 1.000E-08, 1.000E-01, 1.000E-01,2,8,0,0,356, 3.99121E+00, 1.901781863E-01,385,9
Bennett5_10,15,H, 1.000E+00,clip, 1.000E-08, 1.000E-01, 1.000E-01,2,9,0,0,6, 9.61370E-02, 8.849347103E-02,43,15
Bennett5_10,15,H, 1.000E+00,clip, 1.000E-08, 1.000E-01, 1.000E-01,2,10,0,0,6, 8.59320E-02, 1.733277211E-01,47,8
