Bennett5_10,15,H, 1.000E+04,scale, 1.000E-08, 1.000E-01, 1.000E-01,1,1,0,0,5, 3.13290E-02, 1.377673271E-01,13,11
Bennett5_10,15,H, 1.000E+04,scale, 1.000E-08, 1.000E-01, 1.000E-01,1,2,0,0,21, 5.94810E-02, 1.280509895E-01,112,11
Bennett5_10,15,H, 1.000E+04,scale, 1.000E-08, 1.000E-01, 1.000E-01,1,3,0,0,26, 6.73196E-01, 2.019791123E-01,36,8
Bennett5_10,15,H, 1.000E+04,scale, 1.000E-08, 1.000E-01, 1.000E-01,1,4,0,0,7, 3.21180E-02, 2.405655283E-01,46,7
Bennett5_10,15,H, 1.000E+04,scale, 1.000E-08, 1.000E-01, 1.000E-01,1,5,0,0,554, 8.51696E+00, 2.286841011E-01,562,8
Bennett5_10,15,H, 1.000E+04,scale, 1.000E-08, 1.000E-01, 1.000E-01,1,6,0,0,27, 1.52575E-01, 1.977612925E-01,76,8
Bennett5_10,15,H, 1.000E+04,scale, 1.000E-08, 1.000E-01, 1.000E-01,1,7,0,0,2, 2.39800E-03, 1.437875663E-01,10,13
Bennett5_10,15,H, 1.000E+04,scale, 1.000E-08, 1.000E-01, 1.000E-01,1,8,0,0,536, 8.11362E+00, 2.166138711E-01,551,8
Bennett5_10,15,H, 1.000E+04,scale, 1.000E-08, 1.000E-01, 1.000E-01,1,9,0,0,2, 3.96570E-02, 7.919768471E-02,11,15
Bennett5_10,15,H, 1.000E+04,scale, 1.000E-08, 1.000E-01, 1.000E-01,1,10,0,0,421, 8.41664E+00, 2.625002784E-01,460,7
