Bennett5_10,15,H, 1.000E+01,scale, 1.000E-08, 1.000E-01, 1.000E-01,2,1,0,0,5, 6.28410E-02, 2.316020741E-01,35,7
Bennett5_10,15,H, 1.000E+01,scale, 1.000E-08, 1.000E-01, 1.000E-01,2,2,0,0,349, 3.62045E+00, 2.462135979E-01,476,7
Bennett5_10,15,H, 1.000E+01,scale, 1.000E-08, 1.000E-01, 1.000E-01,2,3,0,0,6, 8.95000E-02, 1.226096740E-01,49,13
Bennett5_10,15,H, 1.000E+01,scale, 1.000E-08, 1.000E-01, 1.000E-01,2,4,0,0,76, 1.56886E-01, 1.593687870E-01,105,14
Bennett5_10,15,H, 1.000E+01,scale, 1.000E-08, 1.000E-01, 1.000E-01,2,5,0,0,11, 9.58960E-02, 1.204894724E-01,82,10
Bennett5_10,15,H, 1.000E+01,scale, 1.000E-08, 1.000E-01, 1.000E-01,2,6,0,0,6, 9.14640E-02, 1.958040346E-01,49,8
Bennett5_10,15,H, 1.000E+01,scale, 1.000E-08, 1.000E-01, 1.000E-01,2,7,0,0,42, 8.75250E-02, 2.001078994E-01,84,10
Bennett5_10,15,H, 1.000E+01,scale, 1.000E-08, 1.000E-01, 1.000E-01,2,8,0,0,346, 4.05118E+00, 1.873194397E-01,375,9
Bennett5_10,15,H, 1.000E+01,scale, 1.000E-08, 1.000E-01, 1.000E-01,2,9,0,0,6, 9.56650E-02, 8.757309500E-02,44,15
Bennett5_10,15,H, 1.000E+01,scale, 1.000E-08, 1.000E-01, 1.000E-01,2,10,0,0,6, 8.72910E-02, 1.725517512E-01,47,8
