Chwirut2_05,3,H, 1.000E+01,clip, 1.000E-08, 1.000E-01, 1.000E-01,2,1,0,0,14, 5.52050E-02, 3.658360044E+01,228,3
Chwirut2_05,3,H, 1.000E+01,clip, 1.000E-08, 1.000E-01, 1.000E-01,2,2,0,0,14, 5.17340E-02, 3.659840052E+01,201,3
Chwirut2_05,3,H, 1.000E+01,clip, 1.000E-08, 1.000E-01, 1.000E-01,2,3,0,0,19, 4.83990E-02, 3.660108100E+01,276,3
Chwirut2_05,3,H, 1.000E+01,clip, 1.000E-08, 1.000E-01, 1.000E-01,2,4,0,0,12, 4.22850E-02, 3.655817610E+01,169,3
Chwirut2_05,3,H, 1.000E+01,clip, 1.000E-08, 1.000E-01, 1.000E-01,2,5,0,0,18, 3.32790E-02, 3.657887424E+01,277,3
Chwirut2_05,3,H, 1.000E+01,clip, 1.000E-08, 1.000E-01, 1.000E-01,2,6,0,0,20, 3.40130E-02, 3.655702419E+01,307,3
Chwirut2_05,3,H, 1.000E+01,clip, 1.000E-08, 1.000E-01, 1.000E-01,2,7,0,0,25, 4.45000E-02, 3.656809350E+01,390,3
Chwirut2_05,3,H, 1.000E+01,clip, 1.000E-08, 1.000E-01, 1.000E-01,2,8,0,0,15, 2.66820E-02, 3.655499434E+01,219,3
Chwirut2_05,3,H, 1.000E+01,clip, 1.000E-08, 1.000E-01, 1.000E-01,2,9,0,0,19, 3.62160E-02, 3.657864243E+01,287,3
Chwirut2_05,3,H, 1.000E+01,clip, 1.000E-08, 1.000E-01, 1.000E-01,2,10,0,0,24, 3.94530E-02, 3.657058012E+01,360,3
