ENSO_10,17,0, 1.000E+00,scale, 1.000E-08, 1.000E-01, 1.000E-01,1,1,0,0,60, 1.35450E-01, 1.168071955E+01,307,17
ENSO_10,17,0, 1.000E+00,scale, 1.000E-08, 1.000E-01, 1.000E-01,1,2,0,0,42, 8.14680E-02, 1.240737658E+01,192,17
ENSO_10,17,0, 1.000E+00,scale, 1.000E-08, 1.000E-01, 1.000E-01,1,3,0,0,105, 2.27389E-01, 1.103962188E+01,483,17
ENSO_10,17,0, 1.000E+00,scale, 1.000E-08, 1.000E-01, 1.000E-01,1,4,0,0,61, 1.35249E-01, 1.239443448E+01,304,17
ENSO_10,17,0, 1.000E+00,scale, 1.000E-08, 1.000E-01, 1.000E-01,1,5,0,0,76, 1.61366E-01, 1.102658330E+01,351,17
ENSO_10,17,0, 1.000E+00,scale, 1.000E-08, 1.000E-01, 1.000E-01,1,6,0,0,79, 1.80007E-01, 1.103995871E+01,385,17
ENSO_10,17,0, 1.000E+00,scale, 1.000E-08, 1.000E-01, 1.000E-01,1,7,0,0,43, 9.93010E-02, 1.102665233E+01,202,17
ENSO_10,17,0, 1.000E+00,scale, 1.000E-08, 1.000E-01, 1.000E-01,1,8,0,0,38, 8.01030E-02, 1.480023365E+01,180,17
ENSO_10,17,0, 1.000E+00,scale, 1.000E-08, 1.000E-01, 1.000E-01,1,9,0,0,173, 3.31887E-01, 1.532054207E+01,719,17
ENSO_10,17,0, 1.000E+00,scale, 1.000E-08, 1.000E-01, 1.000E-01,1,10,0,0,94, 2.06045E-01, 1.168976495E+01,459,17
