Gauss1_10,25,H, 1.000E+02,scale, 1.000E-08, 1.000E-01, 1.000E-01,1,1,1,0,10000, 3.54100E+01, 1.660626672E+03,20899,11
Gauss1_10,25,H, 1.000E+02,scale, 1.000E-08, 1.000E-01, 1.000E-01,1,2,0,0,5329, 6.12752E+00, 2.047531738E+01,6660,25
Gauss1_10,25,H, 1.000E+02,scale, 1.000E-08, 1.000E-01, 1.000E-01,1,3,0,0,574, 2.64385E+00, 2.048130419E+01,2197,25
Gauss1_10,25,H, 1.000E+02,scale, 1.000E-08, 1.000E-01, 1.000E-01,1,4,0,0,3121, 2.80087E+01, 1.296846124E+03,19058,16
Gauss1_10,25,H, 1.000E+02,scale, 1.000E-08, 1.000E-01, 1.000E-01,1,5,0,0,580, 2.43789E+00, 2.048169462E+01,1971,25
Gauss1_10,25,H, 1.000E+02,scale, 1.000E-08, 1.000E-01, 1.000E-01,1,6,0,0,324, 3.07590E+00, 2.049636508E+01,2589,25
Gauss1_10,25,H, 1.000E+02,scale, 1.000E-08, 1.000E-01, 1.000E-01,1,7,0,0,648, 3.42214E+00, 2.046659925E+01,2847,25
Gauss1_10,25,H, 1.000E+02,scale, 1.000E-08, 1.000E-01, 1.000E-01,1,8,0,0,516, 2.80987E+00, 2.046961980E+01,2369,25
Gauss1_10,25,H, 1.000E+02,scale, 1.000E-08, 1.000E-01, 1.000E-01,1,9,1,0,10000, 3.62112E+01, 1.787813873E+03,20463,12
Gauss1_10,25,H, 1.000E+02,scale, 1.000E-08, 1.000E-01, 1.000E-01,1,10,0,0,3801, 3.45604E+01, 8.400818779E+02,19732,19
