Gauss1_10,25,H, 1.000E+00,scale, 1.000E-08, 1.000E-01, 1.000E-01,2,1,0,0,275, 1.96333E+00, 2.049050138E+01,2640,25
Gauss1_10,25,H, 1.000E+00,scale, 1.000E-08, 1.000E-01, 1.000E-01,2,2,0,0,238, 1.11324E+00, 2.051830443E+01,1555,25
Gauss1_10,25,H, 1.000E+00,scale, 1.000E-08, 1.000E-01, 1.000E-01,2,3,0,0,509, 1.25320E+00, 2.047990109E+01,1304,25
Gauss1_10,25,H, 1.000E+00,scale, 1.000E-08, 1.000E-01, 1.000E-01,2,4,0,0,381, 1.28950E+00, 2.046459218E+01,1754,25
Gauss1_10,25,H, 1.000E+00,scale, 1.000E-08, 1.000E-01, 1.000E-01,2,5,0,0,276, 2.03627E+00, 2.047697777E+01,1983,25
Gauss1_10,25,H, 1.000E+00,scale, 1.000E-08, 1.000E-01, 1.000E-01,2,6,0,0,522, 1.80485E+00, 2.053389989E+01,2362,25
Gauss1_10,25,H, 1.000E+00,scale, 1.000E-08, 1.000E-01, 1.000E-01,2,7,0,0,38, 4.30805E-01, 4.637457132E+02,413,24
Gauss1_10,25,H, 1.000E+00,scale, 1.000E-08, 1.000E-01, 1.000E-01,2,8,0,0,377, 4.00549E+00, 2.046623732E+01,3463,25
Gauss1_10,25,H, 1.000E+00,scale, 1.000E-08, 1.000E-01, 1.000E-01,2,9,0,0,691, 2.71063E+00, 2.050755079E+01,3637,25
Gauss1_10,25,H, 1.000E+00,scale, 1.000E-08, 1.000E-01, 1.000E-01,2,10,0,0,228, 1.32415E+00, 2.049371660E+01,1416,25
