Kirby2_10,15,GN, 1.000E+04,scale, 1.000E-08, 1.000E-01, 1.000E-01,1,1,0,0,118, 1.18648E+00, 1.059363389E-01,2001,15
Kirby2_10,15,GN, 1.000E+04,scale, 1.000E-08, 1.000E-01, 1.000E-01,1,2,0,0,118, 1.18703E+00, 1.059363389E-01,2001,15
Kirby2_10,15,GN, 1.000E+04,scale, 1.000E-08, 1.000E-01, 1.000E-01,1,3,0,0,118, 1.18707E+00, 1.059363389E-01,2001,15
Kirby2_10,15,GN, 1.000E+04,scale, 1.000E-08, 1.000E-01, 1.000E-01,1,4,0,0,41, 7.46821E-01, 9.803974987E-02,590,15
Kirby2_10,15,GN, 1.000E+04,scale, 1.000E-08, 1.000E-01, 1.000E-01,1,5,0,0,118, 1.24212E+00, 1.059363389E-01,2001,15
Kirby2_10,15,GN, 1.000E+04,scale, 1.000E-08, 1.000E-01, 1.000E-01,1,6,0,0,60, 1.25110E+00, 1.008113863E-01,994,15
Kirby2_10,15,GN, 1.000E+04,scale, 1.000E-08, 1.000E-01, 1.000E-01,1,7,0,0,118, 1.19839E+00, 1.059363389E-01,2001,15
Kirby2_10,15,GN, 1.000E+04,scale, 1.000E-08, 1.000E-01, 1.000E-01,1,8,0,0,118, 1.19643E+00, 1.059363389E-01,2001,15
Kirby2_10,15,GN, 1.000E+04,scale, 1.000E-08, 1.000E-01, 1.000E-01,1,9,0,142,9642, 8.33023E+02, 9.496378206E-02,271750,15
Kirby2_10,15,GN, 1.000E+04,scale, 1.000E-08, 1.000E-01, 1.000E-01,1,10,0,10,351, 2.46741E+01, 1.082364306E-01,8574,15
