Lanczos3_10,2,H, 1.000E+00,clip, 1.000E-08, 1.000E-01, 1.000E-01,1,1,0,0,5, 5.82400E-03, 8.182625110E-02,6,2
Lanczos3_10,2,H, 1.000E+00,clip, 1.000E-08, 1.000E-01, 1.000E-01,1,2,0,0,185, 3.03607E-01, 2.460111640E-02,186,2
Lanczos3_10,2,H, 1.000E+00,clip, 1.000E-08, 1.000E-01, 1.000E-01,1,3,0,0,224, 6.44735E-01, 2.206479735E-02,225,2
Lanczos3_10,2,H, 1.000E+00,clip, 1.000E-08, 1.000E-01, 1.000E-01,1,4,0,0,6, 6.84000E-03, 6.742283544E-02,7,1
Lanczos3_10,2,H, 1.000E+00,clip, 1.000E-08, 1.000E-01, 1.000E-01,1,5,0,0,12, 1.24750E-02, 2.016054769E-02,14,1
Lanczos3_10,2,H, 1.000E+00,clip, 1.000E-08, 1.000E-01, 1.000E-01,1,6,0,0,342, 1.70110E-01, 1.473575910E-01,343,1
Lanczos3_10,2,H, 1.000E+00,clip, 1.000E-08, 1.000E-01, 1.000E-01,1,7,0,0,27, 4.85850E-02, 6.848970942E-02,29,2
Lanczos3_10,2,H, 1.000E+00,clip, 1.000E-08, 1.000E-01, 1.000E-01,1,8,0,0,3, 3.42100E-03, 5.941986776E-02,5,2
Lanczos3_10,2,H, 1.000E+00,clip, 1.000E-08, 1.000E-01, 1.000E-01,1,9,0,0,6, 4.63400E-03, 5.937444076E-02,7,1
Lanczos3_10,2,H, 1.000E+00,clip, 1.000E-08, 1.000E-01, 1.000E-01,1,10,0,0,3, 3.57600E-03, 7.427326047E-02,4,2
