Lanczos3_05,2,H, 1.000E+00,scale, 1.000E-08, 1.000E-01, 1.000E-01,2,1,0,0,235, 6.15235E-01, 1.031929378E-01,236,1
Lanczos3_05,2,H, 1.000E+00,scale, 1.000E-08, 1.000E-01, 1.000E-01,2,2,0,0,2, 3.99700E-03, 9.433668765E-02,3,1
Lanczos3_05,2,H, 1.000E+00,scale, 1.000E-08, 1.000E-01, 1.000E-01,2,3,0,0,231, 5.35159E-01, 1.030570276E-01,232,1
Lanczos3_05,2,H, 1.000E+00,scale, 1.000E-08, 1.000E-01, 1.000E-01,2,4,0,0,2, 4.20000E-03, 9.298920067E-02,3,1
Lanczos3_05,2,H, 1.000E+00,scale, 1.000E-08, 1.000E-01, 1.000E-01,2,5,0,0,130, 2.94384E-01, 1.007483328E-02,132,2
Lanczos3_05,2,H, 1.000E+00,scale, 1.000E-08, 1.000E-01, 1.000E-01,2,6,0,0,2, 3.92700E-03, 9.248852261E-02,3,1
Lanczos3_05,2,H, 1.000E+00,scale, 1.000E-08, 1.000E-01, 1.000E-01,2,7,0,0,2, 4.29600E-03, 9.400946688E-02,3,1
Lanczos3_05,2,H, 1.000E+00,scale, 1.000E-08, 1.000E-01, 1.000E-01,2,8,0,0,2, 4.63600E-03, 9.518394572E-02,3,1
Lanczos3_05,2,H, 1.000E+00,scale, 1.000E-08, 1.000E-01, 1.000E-01,2,9,0,0,2, 3.84400E-03, 5.061086797E-02,3,2
Lanczos3_05,2,H, 1.000E+00,scale, 1.000E-08, 1.000E-01, 1.000E-01,2,10,0,0,34, 5.31980E-02, 5.073499037E-02,36,2
