Lanczos3_05,2,0, 1.000E+00,scale, 1.000E-08, 1.000E-01, 1.000E-01,1,1,0,0,4, 1.36500E-03, 1.670063584E-01,7,1
Lanczos3_05,2,0, 1.000E+00,scale, 1.000E-08, 1.000E-01, 1.000E-01,1,2,0,0,4, 1.08500E-03, 1.670063584E-01,7,1
Lanczos3_05,2,0, 1.000E+00,scale, 1.000E-08, 1.000E-01, 1.000E-01,1,3,0,0,4, 1.03500E-03, 1.670063584E-01,7,1
Lanczos3_05,2,0, 1.000E+00,scale, 1.000E-08, 1.000E-01, 1.000E-01,1,4,0,0,4, 1.05900E-03, 1.670063584E-01,7,1
Lanczos3_05,2,0, 1.000E+00,scale, 1.000E-08, 1.000E-01, 1.000E-01,1,5,0,0,4, 1.02200E-03, 1.670063584E-01,7,1
Lanczos3_05,2,0, 1.000E+00,scale, 1.000E-08, 1.000E-01, 1.000E-01,1,6,0,0,4, 1.00300E-03, 1.670063584E-01,7,1
Lanczos3_05,2,0, 1.000E+00,scale, 1.000E-08, 1.000E-01, 1.000E-01,1,7,0,0,4, 1.03000E-03, 1.670063584E-01,7,1
Lanczos3_05,2,0, 1.000E+00,scale, 1.000E-08, 1.000E-01, 1.000E-01,1,8,0,0,4, 1.04300E-03, 1.670063584E-01,7,1
Lanczos3_05,2,0, 1.000E+00,scale, 1.000E-08, 1.000E-01, 1.000E-01,1,9,0,0,4, 1.02200E-03, 1.670063584E-01,7,1
Lanczos3_05,2,0, 1.000E+00,scale, 1.000E-08, 1.000E-01, 1.000E-01,1,10,0,0,4, 1.00500E-03, 1.670063584E-01,7,1
