Lanczos3_05,2,H, 1.000E+02,scale, 1.000E-08, 1.000E-01, 1.000E-01,1,1,0,0,3, 5.03000E-03, 9.711392305E-02,4,0
Lanczos3_05,2,H, 1.000E+02,scale, 1.000E-08, 1.000E-01, 1.000E-01,1,2,0,0,1948, 1.96953E+00, 1.030585613E-01,1961,0
Lanczos3_05,2,H, 1.000E+02,scale, 1.000E-08, 1.000E-01, 1.000E-01,1,3,0,0,4, 3.55800E-03, 1.009253589E-01,5,0
Lanczos3_05,2,H, 1.000E+02,scale, 1.000E-08, 1.000E-01, 1.000E-01,1,4,0,0,4, 3.52000E-03, 9.216167434E-02,5,0
Lanczos3_05,2,H, 1.000E+02,scale, 1.000E-08, 1.000E-01, 1.000E-01,1,5,0,0,8, 4.10100E-03, 1.017078323E-01,9,0
Lanczos3_05,2,H, 1.000E+02,scale, 1.000E-08, 1.000E-01, 1.000E-01,1,6,0,0,4, 3.40100E-03, 9.822267893E-02,5,0
Lanczos3_05,2,H, 1.000E+02,scale, 1.000E-08, 1.000E-01, 1.000E-01,1,7,0,0,394, 9.13747E-01, 1.027360732E-01,395,0
Lanczos3_05,2,H, 1.000E+02,scale, 1.000E-08, 1.000E-01, 1.000E-01,1,8,0,0,8, 4.64800E-03, 9.921229315E-02,9,0
Lanczos3_05,2,H, 1.000E+02,scale, 1.000E-08, 1.000E-01, 1.000E-01,1,9,0,0,4, 2.22310E-02, 9.401090282E-02,18,0
Lanczos3_05,2,H, 1.000E+02,scale, 1.000E-08, 1.000E-01, 1.000E-01,1,10,0,0,3, 3.37100E-03, 9.349227182E-02,4,0
