MGH17_05,2,QN, 1.000E+04,scale, 1.000E-08, 1.000E-01, 1.000E-01,1,1,0,0,4, 2.35700E-03, 3.820192008E-02,5,1
MGH17_05,2,QN, 1.000E+04,scale, 1.000E-08, 1.000E-01, 1.000E-01,1,2,0,0,4, 1.23600E-03, 4.432106449E-02,7,1
MGH17_05,2,QN, 1.000E+04,scale, 1.000E-08, 1.000E-01, 1.000E-01,1,3,0,0,3, 6.40000E-04, 6.375666824E-02,4,1
MGH17_05,2,QN, 1.000E+04,scale, 1.000E-08, 1.000E-01, 1.000E-01,1,4,0,0,3, 6.37000E-04, 7.952316892E-02,4,1
MGH17_05,2,QN, 1.000E+04,scale, 1.000E-08, 1.000E-01, 1.000E-01,1,5,0,0,4, 8.37000E-04, 6.298047885E-02,5,1
MGH17_05,2,QN, 1.000E+04,scale, 1.000E-08, 1.000E-01, 1.000E-01,1,6,0,0,3, 5.82000E-04, 8.631010386E-02,4,1
MGH17_05,2,QN, 1.000E+04,scale, 1.000E-08, 1.000E-01, 1.000E-01,1,7,0,0,4, 3.07300E-03, 3.785403740E-02,8,1
MGH17_05,2,QN, 1.000E+04,scale, 1.000E-08, 1.000E-01, 1.000E-01,1,8,0,0,4, 1.06700E-03, 5.329957387E-02,7,1
MGH17_05,2,QN, 1.000E+04,scale, 1.000E-08, 1.000E-01, 1.000E-01,1,9,0,0,3, 6.17000E-04, 8.834812822E-02,4,1
MGH17_05,2,QN, 1.000E+04,scale, 1.000E-08, 1.000E-01, 1.000E-01,1,10,0,0,3, 5.99000E-04, 6.823674711E-02,4,1
