MGH17_10,3,H, 1.000E+00,scale, 1.000E-08, 1.000E-01, 1.000E-01,2,1,0,0,110, 5.33347E-01, 3.991246862E-02,111,2
MGH17_10,3,H, 1.000E+00,scale, 1.000E-08, 1.000E-01, 1.000E-01,2,2,0,0,1, 5.72500E-03, 1.631712309E-02,2,1
MGH17_10,3,H, 1.000E+00,scale, 1.000E-08, 1.000E-01, 1.000E-01,2,3,0,0,2, 1.13620E-02, 7.982498387E-02,6,1
MGH17_10,3,H, 1.000E+00,scale, 1.000E-08, 1.000E-01, 1.000E-01,2,4,0,0,1, 4.69800E-03, 1.978761502E-02,2,0
MGH17_10,3,H, 1.000E+00,scale, 1.000E-08, 1.000E-01, 1.000E-01,2,5,0,0,1, 5.32200E-03, 1.961048934E-02,2,0
MGH17_10,3,H, 1.000E+00,scale, 1.000E-08, 1.000E-01, 1.000E-01,2,6,0,0,1, 4.54100E-03, 8.338869492E-03,2,1
MGH17_10,3,H, 1.000E+00,scale, 1.000E-08, 1.000E-01, 1.000E-01,2,7,0,0,1, 4.66900E-03, 7.824514780E-03,2,2
MGH17_10,3,H, 1.000E+00,scale, 1.000E-08, 1.000E-01, 1.000E-01,2,8,0,0,41, 2.07257E-01, 2.331102770E-02,42,1
MGH17_10,3,H, 1.000E+00,scale, 1.000E-08, 1.000E-01, 1.000E-01,2,9,0,0,54, 2.36591E-01, 1.994779937E-02,55,2
MGH17_10,3,H, 1.000E+00,scale, 1.000E-08, 1.000E-01, 1.000E-01,2,10,0,0,2, 6.67900E-03, 1.986618494E-02,5,2
