Misra1a_05,2,H, 1.000E-01,scale, 1.000E-08, 1.000E-01, 1.000E-01,2,1,0,0,1855, 7.80010E-01, 1.000463262E-01,2020,2
Misra1a_05,2,H, 1.000E-01,scale, 1.000E-08, 1.000E-01, 1.000E-01,2,2,0,0,2799, 1.27726E+00, 4.272858365E-02,2848,2
Misra1a_05,2,H, 1.000E-01,scale, 1.000E-08, 1.000E-01, 1.000E-01,2,3,0,0,1511, 6.98500E-01, 1.000102465E-01,1624,2
Misra1a_05,2,H, 1.000E-01,scale, 1.000E-08, 1.000E-01, 1.000E-01,2,4,0,0,3005, 1.36442E+00, 5.670416051E-02,3136,2
Misra1a_05,2,H, 1.000E-01,scale, 1.000E-08, 1.000E-01, 1.000E-01,2,5,0,0,964, 3.06002E-01, 9.999470036E-02,1029,2
Misra1a_05,2,H, 1.000E-01,scale, 1.000E-08, 1.000E-01, 1.000E-01,2,6,0,1,2256, 2.28717E+00, 7.512844588E-02,2421,2
Misra1a_05,2,H, 1.000E-01,scale, 1.000E-08, 1.000E-01, 1.000E-01,2,7,0,0,4722, 4.84894E+00, 4.368673587E-02,4770,2
Misra1a_05,2,H, 1.000E-01,scale, 1.000E-08, 1.000E-01, 1.000E-01,2,8,0,0,2889, 1.63109E+00, 5.368311966E-02,3003,2
Misra1a_05,2,H, 1.000E-01,scale, 1.000E-08, 1.000E-01, 1.000E-01,2,9,0,0,593, 2.27477E-01, 1.001550818E-01,643,2
Misra1a_05,2,H, 1.000E-01,scale, 1.000E-08, 1.000E-01, 1.000E-01,2,10,0,0,1268, 6.90141E-01, 1.001269189E-01,1365,2
