Rat43_05,2,H, 1.000E+00,scale, 1.000E-08, 1.000E-01, 1.000E-01,1,1,0,0,1108, 6.93805E+00, 1.069701686E+03,13996,2
Rat43_05,2,H, 1.000E+00,scale, 1.000E-08, 1.000E-01, 1.000E-01,1,2,0,0,811, 2.08987E+00, 1.069693843E+03,9705,2
Rat43_05,2,H, 1.000E+00,scale, 1.000E-08, 1.000E-01, 1.000E-01,1,3,0,0,826, 2.00576E+00, 1.069694032E+03,9718,2
Rat43_05,2,H, 1.000E+00,scale, 1.000E-08, 1.000E-01, 1.000E-01,1,4,0,0,876, 2.03005E+00, 1.069696454E+03,10251,2
Rat43_05,2,H, 1.000E+00,scale, 1.000E-08, 1.000E-01, 1.000E-01,1,5,0,0,1064, 4.89859E+00, 1.069669154E+03,14983,2
Rat43_05,2,H, 1.000E+00,scale, 1.000E-08, 1.000E-01, 1.000E-01,1,6,0,0,1082, 3.41763E+00, 1.069683926E+03,13647,2
Rat43_05,2,H, 1.000E+00,scale, 1.000E-08, 1.000E-01, 1.000E-01,1,7,0,0,915, 2.59124E+00, 1.069697556E+03,10912,2
Rat43_05,2,H, 1.000E+00,scale, 1.000E-08, 1.000E-01, 1.000E-01,1,8,0,0,1253, 7.48642E-01, 3.067425328E+04,9490,0
Rat43_05,2,H, 1.000E+00,scale, 1.000E-08, 1.000E-01, 1.000E-01,1,9,0,0,1287, 7.58623E-01, 3.067425776E+04,9653,0
Rat43_05,2,H, 1.000E+00,scale, 1.000E-08, 1.000E-01, 1.000E-01,1,10,0,0,916, 2.19800E+00, 1.069694237E+03,10831,2
