Rat43_10,2,H, 1.000E+00,scale, 1.000E-08, 1.000E-01, 1.000E-01,2,1,0,0,3328, 1.70328E+01, 1.069695792E+03,42249,2
Rat43_10,2,H, 1.000E+00,scale, 1.000E-08, 1.000E-01, 1.000E-01,2,2,0,0,3781, 2.03623E+01, 1.069711798E+03,48808,2
Rat43_10,2,H, 1.000E+00,scale, 1.000E-08, 1.000E-01, 1.000E-01,2,3,0,0,3869, 2.18265E+01, 1.069698864E+03,50597,2
Rat43_10,2,H, 1.000E+00,scale, 1.000E-08, 1.000E-01, 1.000E-01,2,4,0,0,3545, 1.79875E+01, 1.069703413E+03,44524,2
Rat43_10,2,H, 1.000E+00,scale, 1.000E-08, 1.000E-01, 1.000E-01,2,5,0,0,3856, 2.18690E+01, 1.069676820E+03,49842,2
Rat43_10,2,H, 1.000E+00,scale, 1.000E-08, 1.000E-01, 1.000E-01,2,6,0,0,1487, 3.99895E+00, 1.069701189E+03,17532,2
Rat43_10,2,H, 1.000E+00,scale, 1.000E-08, 1.000E-01, 1.000E-01,2,7,0,0,4007, 2.28781E+01, 1.069702946E+03,51685,2
Rat43_10,2,H, 1.000E+00,scale, 1.000E-08, 1.000E-01, 1.000E-01,2,8,0,0,3763, 1.68427E+01, 1.069694820E+03,47785,2
Rat43_10,2,H, 1.000E+00,scale, 1.000E-08, 1.000E-01, 1.000E-01,2,9,0,0,368, 1.39956E+00, 1.069721837E+03,4501,2
Rat43_10,2,H, 1.000E+00,scale, 1.000E-08, 1.000E-01, 1.000E-01,2,10,0,0,759, 3.44002E+00, 1.069703136E+03,9554,2
