Rat43_10,2,H, 1.000E+01,clip, 1.000E-08, 1.000E-01, 1.000E-01,1,1,0,0,910, 5.00830E+00, 1.069686214E+03,12572,2
Rat43_10,2,H, 1.000E+01,clip, 1.000E-08, 1.000E-01, 1.000E-01,1,2,0,0,1115, 6.26339E+00, 1.069702155E+03,15015,2
Rat43_10,2,H, 1.000E+01,clip, 1.000E-08, 1.000E-01, 1.000E-01,1,3,0,0,1684, 1.07109E+01, 1.069692043E+03,21589,2
Rat43_10,2,H, 1.000E+01,clip, 1.000E-08, 1.000E-01, 1.000E-01,1,4,0,0,748, 4.92828E+00, 1.069698898E+03,10126,2
Rat43_10,2,H, 1.000E+01,clip, 1.000E-08, 1.000E-01, 1.000E-01,1,5,0,0,995, 7.12740E+00, 1.069693184E+03,14019,2
Rat43_10,2,H, 1.000E+01,clip, 1.000E-08, 1.000E-01, 1.000E-01,1,6,0,0,549, 1.57296E+00, 1.069696441E+03,6134,2
Rat43_10,2,H, 1.000E+01,clip, 1.000E-08, 1.000E-01, 1.000E-01,1,7,0,0,1161, 7.15244E+00, 1.069703351E+03,15492,2
Rat43_10,2,H, 1.000E+01,clip, 1.000E-08, 1.000E-01, 1.000E-01,1,8,0,0,1091, 7.01935E+00, 1.069695017E+03,14774,2
Rat43_10,2,H, 1.000E+01,clip, 1.000E-08, 1.000E-01, 1.000E-01,1,9,0,0,1121, 7.28072E+00, 1.069713055E+03,15205,2
Rat43_10,2,H, 1.000E+01,clip, 1.000E-08, 1.000E-01, 1.000E-01,1,10,0,0,511, 1.61858E+00, 1.069690771E+03,5888,2
