Rat43_05,2,GN, 1.000E+00,scale, 1.000E-08, 1.000E-01, 1.000E-01,2,1,0,0,1922, 1.23272E+01, 1.069679829E+03,26158,2
Rat43_05,2,GN, 1.000E+00,scale, 1.000E-08, 1.000E-01, 1.000E-01,2,2,0,0,2220, 1.66409E+01, 1.069700177E+03,30441,2
Rat43_05,2,GN, 1.000E+00,scale, 1.000E-08, 1.000E-01, 1.000E-01,2,3,0,0,2071, 1.46970E+01, 1.069697951E+03,28089,2
Rat43_05,2,GN, 1.000E+00,scale, 1.000E-08, 1.000E-01, 1.000E-01,2,4,0,0,2037, 1.36663E+01, 1.069694346E+03,27018,2
Rat43_05,2,GN, 1.000E+00,scale, 1.000E-08, 1.000E-01, 1.000E-01,2,5,0,0,2021, 1.39482E+01, 1.069695512E+03,27170,2
Rat43_05,2,GN, 1.000E+00,scale, 1.000E-08, 1.000E-01, 1.000E-01,2,6,0,0,859, 3.31109E+00, 1.069681053E+03,10322,2
Rat43_05,2,GN, 1.000E+00,scale, 1.000E-08, 1.000E-01, 1.000E-01,2,7,0,0,2064, 1.48364E+01, 1.069697579E+03,27902,2
Rat43_05,2,GN, 1.000E+00,scale, 1.000E-08, 1.000E-01, 1.000E-01,2,8,0,0,1931, 1.29835E+01, 1.069688087E+03,25640,2
Rat43_05,2,GN, 1.000E+00,scale, 1.000E-08, 1.000E-01, 1.000E-01,2,9,0,0,671, 2.99210E+00, 1.069695678E+03,8020,2
Rat43_05,2,GN, 1.000E+00,scale, 1.000E-08, 1.000E-01, 1.000E-01,2,10,0,0,819, 4.42482E+00, 1.069701110E+03,10808,2
