Rat43_05,2,QN, 1.000E+04,scale, 1.000E-08, 1.000E-01, 1.000E-01,2,1,0,0,2041, 1.29427E+01, 1.069732160E+03,27940,2
Rat43_05,2,QN, 1.000E+04,scale, 1.000E-08, 1.000E-01, 1.000E-01,2,2,0,0,2034, 1.23650E+01, 1.069670201E+03,27824,2
Rat43_05,2,QN, 1.000E+04,scale, 1.000E-08, 1.000E-01, 1.000E-01,2,3,0,0,2042, 1.27753E+01, 1.069726888E+03,27957,2
Rat43_05,2,QN, 1.000E+04,scale, 1.000E-08, 1.000E-01, 1.000E-01,2,4,0,0,1989, 1.18280E+01, 1.069705371E+03,26478,2
Rat43_05,2,QN, 1.000E+04,scale, 1.000E-08, 1.000E-01, 1.000E-01,2,5,0,0,1994, 1.22044E+01, 1.069698788E+03,26891,2
Rat43_05,2,QN, 1.000E+04,scale, 1.000E-08, 1.000E-01, 1.000E-01,2,6,0,0,1445, 7.18091E+00, 1.069693971E+03,18098,2
Rat43_05,2,QN, 1.000E+04,scale, 1.000E-08, 1.000E-01, 1.000E-01,2,7,0,0,2000, 1.23545E+01, 1.069698892E+03,27096,2
Rat43_05,2,QN, 1.000E+04,scale, 1.000E-08, 1.000E-01, 1.000E-01,2,8,0,0,1993, 1.15981E+01, 1.069733834E+03,26616,2
Rat43_05,2,QN, 1.000E+04,scale, 1.000E-08, 1.000E-01, 1.000E-01,2,9,0,0,492, 1.83655E+00, 1.069681966E+03,6056,2
Rat43_05,2,QN, 1.000E+04,scale, 1.000E-08, 1.000E-01, 1.000E-01,2,10,0,0,1396, 6.63707E+00, 1.069719478E+03,17841,2
