Thurber_10,4,QN, 1.000E+04,scale, 1.000E-08, 1.000E-01, 1.000E-01,2,1,0,0,678, 8.71869E+00, 3.290868284E+02,8140,4
Thurber_10,4,QN, 1.000E+04,scale, 1.000E-08, 1.000E-01, 1.000E-01,2,2,0,0,905, 1.46673E+01, 6.777264367E+03,13996,4
Thurber_10,4,QN, 1.000E+04,scale, 1.000E-08, 1.000E-01, 1.000E-01,2,3,0,1,1250, 1.75738E+01, 3.291070463E+02,15150,4
Thurber_10,4,QN, 1.000E+04,scale, 1.000E-08, 1.000E-01, 1.000E-01,2,4,0,0,1036, 1.58015E+01, 7.062455922E+02,14621,4
Thurber_10,4,QN, 1.000E+04,scale, 1.000E-08, 1.000E-01, 1.000E-01,2,5,0,0,739, 9.42311E+00, 3.291065446E+02,9376,4
Thurber_10,4,QN, 1.000E+04,scale, 1.000E-08, 1.000E-01, 1.000E-01,2,6,0,2,928, 1.41504E+01, 7.036837041E+03,15025,4
Thurber_10,4,QN, 1.000E+04,scale, 1.000E-08, 1.000E-01, 1.000E-01,2,7,0,0,788, 9.05177E+00, 3.291091602E+02,7906,4
Thurber_10,4,QN, 1.000E+04,scale, 1.000E-08, 1.000E-01, 1.000E-01,2,8,0,0,498, 5.47387E+00, 3.290761998E+02,5097,4
Thurber_10,4,QN, 1.000E+04,scale, 1.000E-08, 1.000E-01, 1.000E-01,2,9,0,0,572, 7.21988E+00, 3.291083410E+02,6262,4
Thurber_10,4,QN, 1.000E+04,scale, 1.000E-08, 1.000E-01, 1.000E-01,2,10,0,0,1105, 1.43965E+01, 3.290981443E+02,13315,4
