Thurber_10,4,H, 1.000E+01,scale, 1.000E-08, 1.000E-01, 1.000E-01,1,1,0,0,115, 1.48329E+00, 2.600744490E+03,1828,4
Thurber_10,4,H, 1.000E+01,scale, 1.000E-08, 1.000E-01, 1.000E-01,1,2,0,0,2086, 1.40344E+01, 3.291013784E+02,17589,4
Thurber_10,4,H, 1.000E+01,scale, 1.000E-08, 1.000E-01, 1.000E-01,1,3,0,0,2252, 1.96415E+01, 3.290717410E+02,21887,4
Thurber_10,4,H, 1.000E+01,scale, 1.000E-08, 1.000E-01, 1.000E-01,1,4,0,1,925, 7.96250E+00, 3.291078093E+02,8064,4
Thurber_10,4,H, 1.000E+01,scale, 1.000E-08, 1.000E-01, 1.000E-01,1,5,0,2,886, 1.27344E+01, 7.474310526E+03,14614,4
Thurber_10,4,H, 1.000E+01,scale, 1.000E-08, 1.000E-01, 1.000E-01,1,6,0,0,926, 8.38479E+00, 3.290943121E+02,8570,4
Thurber_10,4,H, 1.000E+01,scale, 1.000E-08, 1.000E-01, 1.000E-01,1,7,0,0,755, 1.00033E+01, 3.290772003E+02,9269,4
Thurber_10,4,H, 1.000E+01,scale, 1.000E-08, 1.000E-01, 1.000E-01,1,8,0,3,2233, 3.66601E+01, 2.956124681E+03,34703,4
Thurber_10,4,H, 1.000E+01,scale, 1.000E-08, 1.000E-01, 1.000E-01,1,9,0,0,342, 3.42090E+00, 3.033936465E+03,4821,4
Thurber_10,4,H, 1.000E+01,scale, 1.000E-08, 1.000E-01, 1.000E-01,1,10,0,0,1636, 1.15736E+01, 3.290679535E+02,13786,4
