Thurber_05,2,H, 1.000E+01,clip, 1.000E-08, 1.000E-01, 1.000E-01,1,1,1,0,10000, 1.02104E+02, 3.654063225E+02,81741,2
Thurber_05,2,H, 1.000E+01,clip, 1.000E-08, 1.000E-01, 1.000E-01,1,2,1,0,10000, 1.02679E+02, 3.851430857E+02,81398,2
Thurber_05,2,H, 1.000E+01,clip, 1.000E-08, 1.000E-01, 1.000E-01,1,3,1,1,10000, 1.05370E+02, 3.866202303E+02,85061,2
Thurber_05,2,H, 1.000E+01,clip, 1.000E-08, 1.000E-01, 1.000E-01,1,4,1,0,10000, 1.04063E+02, 3.687400450E+02,80836,2
Thurber_05,2,H, 1.000E+01,clip, 1.000E-08, 1.000E-01, 1.000E-01,1,5,0,0,4038, 5.75234E+01, 7.934992443E+02,48178,2
Thurber_05,2,H, 1.000E+01,clip, 1.000E-08, 1.000E-01, 1.000E-01,1,6,0,0,895, 1.34322E+01, 2.505481008E+03,11165,2
Thurber_05,2,H, 1.000E+01,clip, 1.000E-08, 1.000E-01, 1.000E-01,1,7,1,0,10000, 1.15454E+02, 4.211916478E+02,95012,2
Thurber_05,2,H, 1.000E+01,clip, 1.000E-08, 1.000E-01, 1.000E-01,1,8,1,0,10000, 1.10329E+02, 3.614231456E+02,85065,2
Thurber_05,2,H, 1.000E+01,clip, 1.000E-08, 1.000E-01, 1.000E-01,1,9,1,0,10000, 1.07285E+02, 3.880683933E+02,84278,2
Thurber_05,2,H, 1.000E+01,clip, 1.000E-08, 1.000E-01, 1.000E-01,1,10,1,1,10000, 1.06486E+02, 3.811170806E+02,82235,2
