Kirby2_10,15,GN, 1.000E+00,scale, 1.000E-08, 1.000E+00, 1.000E-01,1,1,0,0,48, 8.88017E-01, 4.735700932E-01,753,15,     14.60,136
Kirby2_10,15,GN, 1.000E+00,scale, 1.000E-08, 1.000E+00, 1.000E-01,1,2,0,0,48, 9.08123E-01, 4.735700932E-01,753,15,     14.60,136
Kirby2_10,15,GN, 1.000E+00,scale, 1.000E-08, 1.000E+00, 1.000E-01,1,3,0,0,48, 9.08375E-01, 4.735700932E-01,753,15,     14.60,136
Kirby2_10,15,GN, 1.000E+00,scale, 1.000E-08, 1.000E+00, 1.000E-01,1,4,0,0,12, 3.15593E-01, 3.197449176E-01,175,15,     37.92,136
Kirby2_10,15,GN, 1.000E+00,scale, 1.000E-08, 1.000E+00, 1.000E-01,1,5,0,0,48, 9.00300E-01, 4.735700932E-01,753,15,     14.60,136
Kirby2_10,15,GN, 1.000E+00,scale, 1.000E-08, 1.000E+00, 1.000E-01,1,6,0,0,70, 6.17631E+00, 4.525475849E-01,418,15,    101.13,136
Kirby2_10,15,GN, 1.000E+00,scale, 1.000E-08, 1.000E+00, 1.000E-01,1,7,0,0,48, 9.23803E-01, 4.735700932E-01,753,15,     14.60,136
Kirby2_10,15,GN, 1.000E+00,scale, 1.000E-08, 1.000E+00, 1.000E-01,1,8,0,0,48, 9.27177E-01, 4.735700932E-01,753,15,     14.60,136
Kirby2_10,15,GN, 1.000E+00,scale, 1.000E-08, 1.000E+00, 1.000E-01,1,9,0,2,66, 1.19505E+00, 4.616607905E-01,1300,15,     12.23,136
Kirby2_10,15,GN, 1.000E+00,scale, 1.000E-08, 1.000E+00, 1.000E-01,1,10,0,0,55, 1.07564E+00, 5.635932818E-01,895,15,     13.64,136
