Bard_ref,2,H, 1.000E+00,scale, 1.000E-02, 1.000E-01, 1.000E-01,1,1,0,0,31, 8.38400E-03, 8.636725093E-01,37,2
Bard_ref,2,H, 1.000E+00,scale, 1.000E-02, 1.000E-01, 1.000E-01,1,2,0,0,7, 7.84600E-03, 7.127241872E-01,17,2
Bard_ref,2,H, 1.000E+00,scale, 1.000E-02, 1.000E-01, 1.000E-01,1,3,0,0,9, 5.36800E-03, 7.087029704E-01,23,2
Bard_ref,2,H, 1.000E+00,scale, 1.000E-02, 1.000E-01, 1.000E-01,1,4,0,0,2, 1.27400E-03, 1.874749828E+00,14,2
Bard_ref,2,H, 1.000E+00,scale, 1.000E-02, 1.000E-01, 1.000E-01,1,5,0,0,28, 7.74800E-03, 8.720552037E-01,43,2
Bard_ref,2,H, 1.000E+00,scale, 1.000E-02, 1.000E-01, 1.000E-01,1,6,0,0,10, 7.67600E-03, 7.100622676E-01,38,2
Bard_ref,2,H, 1.000E+00,scale, 1.000E-02, 1.000E-01, 1.000E-01,1,7,0,0,78, 1.33100E-02, 8.433927350E-01,93,2
Bard_ref,2,H, 1.000E+00,scale, 1.000E-02, 1.000E-01, 1.000E-01,1,8,0,0,82, 1.53000E-02, 8.394971690E-01,114,2
Bard_ref,2,H, 1.000E+00,scale, 1.000E-02, 1.000E-01, 1.000E-01,1,9,0,0,7, 5.21400E-03, 7.057348333E-01,16,2
Bard_ref,2,H, 1.000E+00,scale, 1.000E-02, 1.000E-01, 1.000E-01,1,10,0,0,3, 2.70200E-03, 7.300481874E-01,8,2
Bard_ref,2,H, 1.000E+00,scale, 1.000E-02, 1.000E-01, 1.000E-01,1,11,0,0,11, 3.81700E-03, 8.424681855E-01,20,2
Bard_ref,2,H, 1.000E+00,scale, 1.000E-02, 1.000E-01, 1.000E-01,1,12,0,0,21, 5.32800E-03, 8.437320092E-01,26,2
Bard_ref,2,H, 1.000E+00,scale, 1.000E-02, 1.000E-01, 1.000E-01,1,13,0,0,5, 5.27100E-03, 7.121352225E-01,13,2
Bard_ref,2,H, 1.000E+00,scale, 1.000E-02, 1.000E-01, 1.000E-01,1,14,0,0,8, 5.02100E-03, 6.951736831E-01,18,2
Bard_ref,2,H, 1.000E+00,scale, 1.000E-02, 1.000E-01, 1.000E-01,1,15,0,0,5, 2.86200E-03, 7.378529920E-01,10,2
Bard_ref,2,H, 1.000E+00,scale, 1.000E-02, 1.000E-01, 1.000E-01,1,16,0,0,4, 2.48900E-03, 6.688730113E-01,12,2
Bard_ref,2,H, 1.000E+00,scale, 1.000E-02, 1.000E-01, 1.000E-01,1,17,0,0,7, 4.83300E-03, 7.096587134E-01,32,2
Bard_ref,2,H, 1.000E+00,scale, 1.000E-02, 1.000E-01, 1.000E-01,1,18,0,0,4, 1.64000E-03, 1.752784160E+00,13,2
Bard_ref,2,H, 1.000E+00,scale, 1.000E-02, 1.000E-01, 1.000E-01,1,19,0,0,6, 2.04800E-03, 1.835537911E+00,15,2
Bard_ref,2,H, 1.000E+00,scale, 1.000E-02, 1.000E-01, 1.000E-01,1,20,0,0,28, 7.68300E-03, 8.580568768E-01,38,2
Bard_ref,2,H, 1.000E+00,scale, 1.000E-02, 1.000E-01, 1.000E-01,1,21,0,0,6, 4.46100E-03, 7.082657078E-01,16,2
Bard_ref,2,H, 1.000E+00,scale, 1.000E-02, 1.000E-01, 1.000E-01,1,22,0,0,415, 2.35537E-01, 8.450197777E-01,424,2
Bard_ref,2,H, 1.000E+00,scale, 1.000E-02, 1.000E-01, 1.000E-01,1,23,0,0,5, 6.50100E-03, 7.088751936E-01,19,2
Bard_ref,2,H, 1.000E+00,scale, 1.000E-02, 1.000E-01, 1.000E-01,1,24,0,0,5, 6.19800E-03, 7.132842926E-01,14,2
Bard_ref,2,H, 1.000E+00,scale, 1.000E-02, 1.000E-01, 1.000E-01,1,25,0,0,3, 1.73900E-03, 1.876958368E+00,17,2
Bard_ref,2,H, 1.000E+00,scale, 1.000E-02, 1.000E-01, 1.000E-01,1,26,0,0,7, 4.34000E-03, 7.098108523E-01,24,2
Bard_ref,2,H, 1.000E+00,scale, 1.000E-02, 1.000E-01, 1.000E-01,1,27,0,0,5, 5.39100E-03, 6.833605850E-01,15,2
Bard_ref,2,H, 1.000E+00,scale, 1.000E-02, 1.000E-01, 1.000E-01,1,28,0,0,151, 2.62220E-02, 8.243448930E-01,170,2
Bard_ref,2,H, 1.000E+00,scale, 1.000E-02, 1.000E-01, 1.000E-01,1,29,0,0,6, 2.52700E-03, 8.655018963E-01,18,2
Bard_ref,2,H, 1.000E+00,scale, 1.000E-02, 1.000E-01, 1.000E-01,1,30,0,0,6, 5.05300E-03, 7.034357946E-01,17,2
Bard_ref,2,H, 1.000E+00,scale, 1.000E-02, 1.000E-01, 1.000E-01,1,31,0,0,205, 1.16671E-01, 8.450034675E-01,214,2
Bard_ref,2,H, 1.000E+00,scale, 1.000E-02, 1.000E-01, 1.000E-01,1,32,0,0,9, 7.26400E-03, 7.059847864E-01,32,2
Bard_ref,2,H, 1.000E+00,scale, 1.000E-02, 1.000E-01, 1.000E-01,1,33,0,0,10, 1.13130E-02, 6.969827734E-01,29,2
Bard_ref,2,H, 1.000E+00,scale, 1.000E-02, 1.000E-01, 1.000E-01,1,34,0,0,5, 2.93400E-03, 6.827741234E-01,11,2
Bard_ref,2,H, 1.000E+00,scale, 1.000E-02, 1.000E-01, 1.000E-01,1,35,0,0,5, 2.28100E-03, 8.599448305E-01,13,2
Bard_ref,2,H, 1.000E+00,scale, 1.000E-02, 1.000E-01, 1.000E-01,1,36,0,0,7, 3.99100E-03, 7.307551667E-01,21,2
Bard_ref,2,H, 1.000E+00,scale, 1.000E-02, 1.000E-01, 1.000E-01,1,37,0,0,15, 1.14960E-02, 7.146887594E-01,32,2
Bard_ref,2,H, 1.000E+00,scale, 1.000E-02, 1.000E-01, 1.000E-01,1,38,0,0,5, 1.02900E-03, 1.760774573E+00,8,2
Bard_ref,2,H, 1.000E+00,scale, 1.000E-02, 1.000E-01, 1.000E-01,1,39,0,0,9, 8.95700E-03, 7.102093718E-01,21,2
Bard_ref,2,H, 1.000E+00,scale, 1.000E-02, 1.000E-01, 1.000E-01,1,40,0,0,29, 8.39700E-03, 8.530021227E-01,45,2
Bard_ref,2,H, 1.000E+00,scale, 1.000E-02, 1.000E-01, 1.000E-01,1,41,0,0,3, 1.19400E-03, 1.868763641E+00,7,2
Bard_ref,2,H, 1.000E+00,scale, 1.000E-02, 1.000E-01, 1.000E-01,1,42,0,0,7, 3.35900E-03, 7.011962692E-01,18,2
Bard_ref,2,H, 1.000E+00,scale, 1.000E-02, 1.000E-01, 1.000E-01,1,43,0,0,8, 7.38200E-03, 7.088624191E-01,24,2
Bard_ref,2,H, 1.000E+00,scale, 1.000E-02, 1.000E-01, 1.000E-01,1,44,0,0,3, 2.59200E-03, 7.316152091E-01,8,2
Bard_ref,2,H, 1.000E+00,scale, 1.000E-02, 1.000E-01, 1.000E-01,1,45,0,0,5, 3.57700E-03, 7.015458922E-01,16,2
Bard_ref,2,H, 1.000E+00,scale, 1.000E-02, 1.000E-01, 1.000E-01,1,46,0,0,4, 3.80700E-03, 7.103389115E-01,12,2
Bard_ref,2,H, 1.000E+00,scale, 1.000E-02, 1.000E-01, 1.000E-01,1,47,0,0,7, 6.34500E-03, 7.220131663E-01,21,2
Bard_ref,2,H, 1.000E+00,scale, 1.000E-02, 1.000E-01, 1.000E-01,1,48,0,0,5, 5.74100E-03, 6.972289424E-01,14,2
Bard_ref,2,H, 1.000E+00,scale, 1.000E-02, 1.000E-01, 1.000E-01,1,49,0,0,31, 4.39100E-03, 1.880183047E+00,34,2
Bard_ref,2,H, 1.000E+00,scale, 1.000E-02, 1.000E-01, 1.000E-01,1,50,0,0,4, 2.29300E-03, 7.370354677E-01,9,2
Bard_ref,2,H, 1.000E+00,scale, 1.000E-02, 1.000E-01, 1.000E-01,1,51,0,0,393, 1.82719E-01, 8.480527000E-01,402,2
Bard_ref,2,H, 1.000E+00,scale, 1.000E-02, 1.000E-01, 1.000E-01,1,52,0,0,12, 3.62700E-03, 8.808198234E-01,23,2
Bard_ref,2,H, 1.000E+00,scale, 1.000E-02, 1.000E-01, 1.000E-01,1,53,0,0,6, 4.23700E-03, 7.099359952E-01,14,2
Bard_ref,2,H, 1.000E+00,scale, 1.000E-02, 1.000E-01, 1.000E-01,1,54,0,0,3, 2.72500E-03, 7.234206921E-01,8,2
Bard_ref,2,H, 1.000E+00,scale, 1.000E-02, 1.000E-01, 1.000E-01,1,55,0,0,3, 1.94300E-03, 7.375314421E-01,8,2
Bard_ref,2,H, 1.000E+00,scale, 1.000E-02, 1.000E-01, 1.000E-01,1,56,0,0,5, 6.76800E-03, 6.970242561E-01,13,2
Bard_ref,2,H, 1.000E+00,scale, 1.000E-02, 1.000E-01, 1.000E-01,1,57,0,0,9, 1.10740E-02, 7.138709162E-01,25,2
Bard_ref,2,H, 1.000E+00,scale, 1.000E-02, 1.000E-01, 1.000E-01,1,58,0,0,7, 4.30900E-03, 7.073383820E-01,24,2
Bard_ref,2,H, 1.000E+00,scale, 1.000E-02, 1.000E-01, 1.000E-01,1,59,0,0,3, 2.66600E-03, 7.219702781E-01,8,2
Bard_ref,2,H, 1.000E+00,scale, 1.000E-02, 1.000E-01, 1.000E-01,1,60,0,0,5, 2.00100E-03, 8.268679120E-01,13,2
Bard_ref,2,H, 1.000E+00,scale, 1.000E-02, 1.000E-01, 1.000E-01,1,61,0,0,36, 8.97900E-03, 8.399988948E-01,45,2
Bard_ref,2,H, 1.000E+00,scale, 1.000E-02, 1.000E-01, 1.000E-01,1,62,0,0,22, 4.63400E-03, 1.859612335E+00,46,2
Bard_ref,2,H, 1.000E+00,scale, 1.000E-02, 1.000E-01, 1.000E-01,1,63,0,0,12, 4.22400E-03, 8.423114537E-01,24,2
Bard_ref,2,H, 1.000E+00,scale, 1.000E-02, 1.000E-01, 1.000E-01,1,64,0,0,3, 2.85500E-03, 6.780223977E-01,8,2
Bard_ref,2,H, 1.000E+00,scale, 1.000E-02, 1.000E-01, 1.000E-01,1,65,0,0,5, 1.88400E-03, 8.718035086E-01,13,2
Bard_ref,2,H, 1.000E+00,scale, 1.000E-02, 1.000E-01, 1.000E-01,1,66,0,0,2, 7.71000E-04, 1.889087988E+00,5,2
Bard_ref,2,H, 1.000E+00,scale, 1.000E-02, 1.000E-01, 1.000E-01,1,67,0,0,101, 1.58030E-02, 8.440922397E-01,110,2
Bard_ref,2,H, 1.000E+00,scale, 1.000E-02, 1.000E-01, 1.000E-01,1,68,0,0,28, 8.31400E-03, 8.509442864E-01,44,2
Bard_ref,2,H, 1.000E+00,scale, 1.000E-02, 1.000E-01, 1.000E-01,1,69,0,0,342, 1.59950E-01, 8.456255170E-01,351,2
Bard_ref,2,H, 1.000E+00,scale, 1.000E-02, 1.000E-01, 1.000E-01,1,70,0,0,5, 5.35300E-03, 7.024865360E-01,13,2
Bard_ref,2,H, 1.000E+00,scale, 1.000E-02, 1.000E-01, 1.000E-01,1,71,0,0,5, 5.08700E-03, 7.065391353E-01,19,2
Bard_ref,2,H, 1.000E+00,scale, 1.000E-02, 1.000E-01, 1.000E-01,1,72,0,0,8, 4.36900E-03, 6.984776386E-01,18,2
Bard_ref,2,H, 1.000E+00,scale, 1.000E-02, 1.000E-01, 1.000E-01,1,73,0,0,16, 5.26500E-03, 8.626071667E-01,32,2
Bard_ref,2,H, 1.000E+00,scale, 1.000E-02, 1.000E-01, 1.000E-01,1,74,0,0,150, 2.57590E-02, 8.325445182E-01,166,2
Bard_ref,2,H, 1.000E+00,scale, 1.000E-02, 1.000E-01, 1.000E-01,1,75,0,0,5, 5.64900E-03, 6.984434955E-01,14,2
Bard_ref,2,H, 1.000E+00,scale, 1.000E-02, 1.000E-01, 1.000E-01,1,76,0,0,11, 6.45100E-03, 7.133285114E-01,26,2
Bard_ref,2,H, 1.000E+00,scale, 1.000E-02, 1.000E-01, 1.000E-01,1,77,0,0,5, 1.94400E-03, 8.536554435E-01,13,2
Bard_ref,2,H, 1.000E+00,scale, 1.000E-02, 1.000E-01, 1.000E-01,1,78,0,0,11, 9.96700E-03, 7.138660335E-01,25,2
Bard_ref,2,H, 1.000E+00,scale, 1.000E-02, 1.000E-01, 1.000E-01,1,79,0,0,157, 2.71020E-02, 8.216469880E-01,166,2
Bard_ref,2,H, 1.000E+00,scale, 1.000E-02, 1.000E-01, 1.000E-01,1,80,0,0,3, 1.74100E-03, 1.870447601E+00,18,2
Bard_ref,2,H, 1.000E+00,scale, 1.000E-02, 1.000E-01, 1.000E-01,1,81,0,0,4, 1.71400E-03, 8.080847885E-01,9,2
Bard_ref,2,H, 1.000E+00,scale, 1.000E-02, 1.000E-01, 1.000E-01,1,82,0,0,436, 2.21657E-01, 8.436892280E-01,441,2
Bard_ref,2,H, 1.000E+00,scale, 1.000E-02, 1.000E-01, 1.000E-01,1,83,0,0,5, 5.72400E-03, 6.993469622E-01,15,2
Bard_ref,2,H, 1.000E+00,scale, 1.000E-02, 1.000E-01, 1.000E-01,1,84,0,0,3, 2.66400E-03, 7.180152757E-01,8,2
Bard_ref,2,H, 1.000E+00,scale, 1.000E-02, 1.000E-01, 1.000E-01,1,85,0,0,423, 2.25097E-01, 8.437620287E-01,431,2
Bard_ref,2,H, 1.000E+00,scale, 1.000E-02, 1.000E-01, 1.000E-01,1,86,0,0,4, 3.16300E-03, 6.830430490E-01,12,2
Bard_ref,2,H, 1.000E+00,scale, 1.000E-02, 1.000E-01, 1.000E-01,1,87,0,0,6, 3.25700E-03, 7.174142163E-01,12,2
Bard_ref,2,H, 1.000E+00,scale, 1.000E-02, 1.000E-01, 1.000E-01,1,88,0,0,188, 9.89660E-02, 8.433849262E-01,201,2
Bard_ref,2,H, 1.000E+00,scale, 1.000E-02, 1.000E-01, 1.000E-01,1,89,0,0,5, 5.38000E-03, 7.006049078E-01,14,2
Bard_ref,2,H, 1.000E+00,scale, 1.000E-02, 1.000E-01, 1.000E-01,1,90,0,0,7, 4.35800E-03, 7.141160781E-01,18,2
Bard_ref,2,H, 1.000E+00,scale, 1.000E-02, 1.000E-01, 1.000E-01,1,91,0,0,6, 3.14500E-03, 7.180902801E-01,16,2
Bard_ref,2,H, 1.000E+00,scale, 1.000E-02, 1.000E-01, 1.000E-01,1,92,0,0,6, 3.12100E-03, 8.550468447E-01,19,2
Bard_ref,2,H, 1.000E+00,scale, 1.000E-02, 1.000E-01, 1.000E-01,1,93,0,0,9, 8.22500E-03, 7.079117452E-01,21,2
Bard_ref,2,H, 1.000E+00,scale, 1.000E-02, 1.000E-01, 1.000E-01,1,94,0,0,7, 4.61800E-03, 7.037522506E-01,18,2
Bard_ref,2,H, 1.000E+00,scale, 1.000E-02, 1.000E-01, 1.000E-01,1,95,0,0,155, 7.35110E-02, 8.468740438E-01,163,2
Bard_ref,2,H, 1.000E+00,scale, 1.000E-02, 1.000E-01, 1.000E-01,1,96,0,0,4, 5.00300E-03, 6.898538574E-01,12,2
Bard_ref,2,H, 1.000E+00,scale, 1.000E-02, 1.000E-01, 1.000E-01,1,97,0,0,6, 2.51200E-03, 8.542322736E-01,18,2
Bard_ref,2,H, 1.000E+00,scale, 1.000E-02, 1.000E-01, 1.000E-01,1,98,0,0,6, 3.66100E-03, 7.278382103E-01,16,2
Bard_ref,2,H, 1.000E+00,scale, 1.000E-02, 1.000E-01, 1.000E-01,1,99,0,0,5, 2.72600E-03, 8.695219112E-01,14,2
Bard_ref,2,H, 1.000E+00,scale, 1.000E-02, 1.000E-01, 1.000E-01,1,100,0,0,4, 2.82400E-03, 6.984655443E-01,14,2
